"STATION","DATE","LATITUDE","LONGITUDE","ELEVATION","NAME","PRCP","PRCP_ATTRIBUTES","SNOW","SNOW_ATTRIBUTES","TMAX","TMAX_ATTRIBUTES","TMIN","TMIN_ATTRIBUTES","WT01","WT01_ATTRIBUTES","WT03","WT03_ATTRIBUTES","WT16","WT16_ATTRIBUTES"
"PSW00040305","1945-05-01","7.0","134.25","5.2","PELELIU ISLAND PALAU ISLANDS, PW PS","   15",",,X","    0",",,X","  317",",,X","  239",",,X",,,,,"    1",",,X"
"PSW00040305","1945-05-02","7.0","134.25","5.2","PELELIU ISLAND PALAU ISLANDS, PW PS","    0",",,X","    0",",,X","  328",",,X","  250",",,X",,,,,,
"PSW00040305","1945-05-03","7.0","134.25","5.2","PELELIU ISLAND PALAU ISLANDS, PW PS","    0",",,X","    0",",,X","  333",",,X","  272",",,X",,,,,,
"PSW00040305","1945-05-04","7.0","134.25","5.2","PELELIU ISLAND PALAU ISLANDS, PW PS","  173",",,X","    0",",,X","  311",",,X","  256",",,X",,,,,"    1",",,X"
"PSW00040305","1945-05-05","7.0","134.25","5.2","PELELIU ISLAND PALAU ISLANDS, PW PS","    0","T,,X","    0",",,X","  317",",,X","  261",",,X",,,,,"    1",",,X"
"PSW00040305","1945-05-06","7.0","134.25","5.2","PELELIU ISLAND PALAU ISLANDS, PW PS","  947",",,X","    0",",,X","  300",",,X","  222",",,X",,,"    1",",,X","    1",",,X"
"PSW00040305","1945-05-07","7.0","134.25","5.2","PELELIU ISLAND PALAU ISLANDS, PW PS","    0",",,X","    0",",,X","  311",",,X","  239",",,X",,,,,,
"PSW00040305","1945-05-08","7.0","134.25","5.2","PELELIU ISLAND PALAU ISLANDS, PW PS","    0",",,X","    0",",,X","  322",",,X","  244",",,X",,,,,,
"PSW00040305","1945-05-09","7.0","134.25","5.2","PELELIU ISLAND PALAU ISLANDS, PW PS","  368",",,X","    0",",,X","  311",",,X","  239",",,X",,,,,"    1",",,X"
"PSW00040305","1945-05-10","7.0","134.25","5.2","PELELIU ISLAND PALAU ISLANDS, PW PS","  137",",,X","    0",",,X","  311",",,X","  233",",,X",,,"    1",",,X","    1",",,X"
"PSW00040305","1945-05-11","7.0","134.25","5.2","PELELIU ISLAND PALAU ISLANDS, PW PS","  122",",,X","    0",",,X","  322",",,X","  244",",,X",,,,,"    1",",,X"
"PSW00040305","1945-05-12","7.0","134.25","5.2","PELELIU ISLAND PALAU ISLANDS, PW PS","    0","T,,X","    0",",,X","  311",",,X","  267",",,X",,,,,"    1",",,X"
"PSW00040305","1945-05-13","7.0","134.25","5.2","PELELIU ISLAND PALAU ISLANDS, PW PS","   51",",,X","    0",",,X","  322",",,X","  256",",,X",,,,,"    1",",,X"
"PSW00040305","1945-05-14","7.0","134.25","5.2","PELELIU ISLAND PALAU ISLANDS, PW PS","    0",",,X","    0",",,X","  328",",,X","  256",",,X",,,,,,
"PSW00040305","1945-05-15","7.0","134.25","5.2","PELELIU ISLAND PALAU ISLANDS, PW PS","   13",",,X","    0",",,X","  322",",,X","  250",",,X",,,,,"    1",",,X"
"PSW00040305","1945-05-16","7.0","134.25","5.2","PELELIU ISLAND PALAU ISLANDS, PW PS","   76",",,X","    0",",,X","  333",",,X","  256",",,X",,,,,"    1",",,X"
"PSW00040305","1945-05-17","7.0","134.25","5.2","PELELIU ISLAND PALAU ISLANDS, PW PS","   76",",,X","    0",",,X","  311",",,X","  250",",,X",,,,,"    1",",,X"
"PSW00040305","1945-05-18","7.0","134.25","5.2","PELELIU ISLAND PALAU ISLANDS, PW PS","  102",",,X","    0",",,X","  317",",,X","  239",",,X",,,,,"    1",",,X"
"PSW00040305","1945-05-19","7.0","134.25","5.2","PELELIU ISLAND PALAU ISLANDS, PW PS","   30",",,X","    0",",,X","  311",",,X","  244",",,X",,,,,"    1",",,X"
"PSW00040305","1945-05-20","7.0","134.25","5.2","PELELIU ISLAND PALAU ISLANDS, PW PS","    5",",,X","    0",",,X","  333",",,X","  239",",,X",,,,,"    1",",,X"
"PSW00040305","1945-05-21","7.0","134.25","5.2","PELELIU ISLAND PALAU ISLANDS, PW PS","   38",",,X","    0",",,X","  289",",,X","  250",",,X",,,"    1",",,X","    1",",,X"
"PSW00040305","1945-05-22","7.0","134.25","5.2","PELELIU ISLAND PALAU ISLANDS, PW PS","  267",",,X","    0",",,X","  333",",,X","  239",",,X",,,"    1",",,X","    1",",,X"
"PSW00040305","1945-05-23","7.0","134.25","5.2","PELELIU ISLAND PALAU ISLANDS, PW PS","   79",",,X","    0",",,X","  306",",,X","  239",",,X",,,"    1",",,X","    1",",,X"
"PSW00040305","1945-05-24","7.0","134.25","5.2","PELELIU ISLAND PALAU ISLANDS, PW PS","    0",",,X","    0",",,X","  328",",,X","  261",",,X",,,,,,
"PSW00040305","1945-05-25","7.0","134.25","5.2","PELELIU ISLAND PALAU ISLANDS, PW PS","   13",",,X","    0",",,X","  328",",,X","  261",",,X",,,,,"    1",",,X"
"PSW00040305","1945-05-26","7.0","134.25","5.2","PELELIU ISLAND PALAU ISLANDS, PW PS","  422",",,X","    0",",,X","  278",",,X","  239",",,X",,,"    1",",,X","    1",",,X"
"PSW00040305","1945-05-27","7.0","134.25","5.2","PELELIU ISLAND PALAU ISLANDS, PW PS","    0","T,,X","    0",",,X","  306",",,X","  244",",,X",,,,,"    1",",,X"
"PSW00040305","1945-05-28","7.0","134.25","5.2","PELELIU ISLAND PALAU ISLANDS, PW PS","    0","T,,X","    0",",,X","  322",",,X","  250",",,X",,,,,"    1",",,X"
"PSW00040305","1945-05-29","7.0","134.25","5.2","PELELIU ISLAND PALAU ISLANDS, PW PS","  109",",,X","    0",",,X","  311",",,X","  256",",,X",,,,,"    1",",,X"
"PSW00040305","1945-05-30","7.0","134.25","5.2","PELELIU ISLAND PALAU ISLANDS, PW PS","   56",",,X","    0",",,X","  306",",,X","  250",",,X",,,,,"    1",",,X"
"PSW00040305","1945-05-31","7.0","134.25","5.2","PELELIU ISLAND PALAU ISLANDS, PW PS","  137",",,X","    0",",,X","  283",",,X","  244",",,X",,,,,"    1",",,X"
"PSW00040305","1945-06-01","7.0","134.25","5.2","PELELIU ISLAND PALAU ISLANDS, PW PS","   84",",,X","    0",",,X","  311",",,X","  239",",,X",,,,,"    1",",,X"
"PSW00040305","1945-06-02","7.0","134.25","5.2","PELELIU ISLAND PALAU ISLANDS, PW PS","  180",",,X","    0",",,X","  306",",,X","  250",",,X",,,"    1",",,X","    1",",,X"
"PSW00040305","1945-06-03","7.0","134.25","5.2","PELELIU ISLAND PALAU ISLANDS, PW PS","    5",",,X","    0",",,X","  294",",,X","  250",",,X",,,,,"    1",",,X"
"PSW00040305","1945-06-04","7.0","134.25","5.2","PELELIU ISLAND PALAU ISLANDS, PW PS","    0","T,,X","    0",",,X","  300",",,X","  244",",,X",,,,,"    1",",,X"
"PSW00040305","1945-06-05","7.0","134.25","5.2","PELELIU ISLAND PALAU ISLANDS, PW PS","  559",",,X","    0",",,X","  300",",,X","  233",",,X",,,,,"    1",",,X"
"PSW00040305","1945-06-06","7.0","134.25","5.2","PELELIU ISLAND PALAU ISLANDS, PW PS","   13",",,X","    0",",,X","  317",",,X","  256",",,X",,,,,"    1",",,X"
"PSW00040305","1945-06-07","7.0","134.25","5.2","PELELIU ISLAND PALAU ISLANDS, PW PS","    0","T,,X","    0",",,X","  328",",,X","  244",",,X",,,,,"    1",",,X"
"PSW00040305","1945-06-08","7.0","134.25","5.2","PELELIU ISLAND PALAU ISLANDS, PW PS","   81",",,X","    0",",,X","  322",",,X","  261",",,X",,,,,"    1",",,X"
"PSW00040305","1945-06-09","7.0","134.25","5.2","PELELIU ISLAND PALAU ISLANDS, PW PS","  140",",,X","    0",",,X","  328",",,X","  250",",,X",,,,,"    1",",,X"
"PSW00040305","1945-06-10","7.0","134.25","5.2","PELELIU ISLAND PALAU ISLANDS, PW PS","   23",",,X","    0",",,X","  311",",,X","  261",",,X",,,,,"    1",",,X"
"PSW00040305","1945-06-11","7.0","134.25","5.2","PELELIU ISLAND PALAU ISLANDS, PW PS","   46",",,X","    0",",,X","  317",",,X","  256",",,X",,,,,"    1",",,X"
"PSW00040305","1945-06-12","7.0","134.25","5.2","PELELIU ISLAND PALAU ISLANDS, PW PS","    5",",,X","    0",",,X","  322",",,X","  256",",,X",,,,,"    1",",,X"
"PSW00040305","1945-06-13","7.0","134.25","5.2","PELELIU ISLAND PALAU ISLANDS, PW PS","    0","T,,X","    0",",,X","  300",",,X","  250",",,X",,,,,"    1",",,X"
"PSW00040305","1945-06-14","7.0","134.25","5.2","PELELIU ISLAND PALAU ISLANDS, PW PS","  757",",,X","    0",",,X","  289",",,X","  233",",,X",,,,,"    1",",,X"
"PSW00040305","1945-06-15","7.0","134.25","5.2","PELELIU ISLAND PALAU ISLANDS, PW PS","  292",",,X","    0",",,X","  272",",,X","  244",",,X",,,,,"    1",",,X"
"PSW00040305","1945-06-16","7.0","134.25","5.2","PELELIU ISLAND PALAU ISLANDS, PW PS","   99",",,X","    0",",,X","  300",",,X","  250",",,X",,,,,"    1",",,X"
"PSW00040305","1945-06-17","7.0","134.25","5.2","PELELIU ISLAND PALAU ISLANDS, PW PS","  112",",,X","    0",",,X","  300",",,X","  244",",,X",,,,,"    1",",,X"
"PSW00040305","1945-06-18","7.0","134.25","5.2","PELELIU ISLAND PALAU ISLANDS, PW PS","  257",",,X","    0",",,X","  283",",,X","  228",",,X",,,,,"    1",",,X"
"PSW00040305","1945-06-19","7.0","134.25","5.2","PELELIU ISLAND PALAU ISLANDS, PW PS","   91",",,X","    0",",,X","  311",",,X","  250",",,X",,,,,"    1",",,X"
"PSW00040305","1945-06-20","7.0","134.25","5.2","PELELIU ISLAND PALAU ISLANDS, PW PS","    0",",,X","    0",",,X","  322",",,X","  261",",,X",,,,,,
"PSW00040305","1945-06-21","7.0","134.25","5.2","PELELIU ISLAND PALAU ISLANDS, PW PS","   97",",,X","    0",",,X","  311",",,X","  250",",,X",,,,,"    1",",,X"
"PSW00040305","1945-06-22","7.0","134.25","5.2","PELELIU ISLAND PALAU ISLANDS, PW PS","  462",",,X","    0",",,X","  289",",,X","  233",",,X",,,,,"    1",",,X"
"PSW00040305","1945-06-23","7.0","134.25","5.2","PELELIU ISLAND PALAU ISLANDS, PW PS","  124",",,X","    0",",,X","  311",",,X","  244",",,X",,,,,"    1",",,X"
"PSW00040305","1945-06-24","7.0","134.25","5.2","PELELIU ISLAND PALAU ISLANDS, PW PS","    3",",,X","    0",",,X","  311",",,X","  244",",,X",,,,,"    1",",,X"
"PSW00040305","1945-06-25","7.0","134.25","5.2","PELELIU ISLAND PALAU ISLANDS, PW PS","    0",",,X","    0",",,X","  322",",,X","  244",",,X",,,,,,
"PSW00040305","1945-06-26","7.0","134.25","5.2","PELELIU ISLAND PALAU ISLANDS, PW PS","    0","T,,X","    0",",,X","  311",",,X","  250",",,X",,,,,"    1",",,X"
"PSW00040305","1945-06-27","7.0","134.25","5.2","PELELIU ISLAND PALAU ISLANDS, PW PS","  602",",,X","    0",",,X","  306",",,X","  239",",,X",,,,,"    1",",,X"
"PSW00040305","1945-06-28","7.0","134.25","5.2","PELELIU ISLAND PALAU ISLANDS, PW PS","   15",",,X","    0",",,X","  294",",,X","  239",",,X",,,,,"    1",",,X"
"PSW00040305","1945-06-29","7.0","134.25","5.2","PELELIU ISLAND PALAU ISLANDS, PW PS","  465",",,X","    0",",,X","  306",",,X","  228",",,X",,,,,"    1",",,X"
"PSW00040305","1945-06-30","7.0","134.25","5.2","PELELIU ISLAND PALAU ISLANDS, PW PS","  102",",,X","    0",",,X","  306",",,X","  244",",,X",,,,,"    1",",,X"
"PSW00040305","1945-07-01","7.0","134.25","5.2","PELELIU ISLAND PALAU ISLANDS, PW PS","  163",",,X","    0",",,X","  311",",,X","  239",",,X",,,,,"    1",",,X"
"PSW00040305","1945-07-02","7.0","134.25","5.2","PELELIU ISLAND PALAU ISLANDS, PW PS","  180",",,X","    0",",,X","  300",",,X","  244",",,X",,,,,"    1",",,X"
"PSW00040305","1945-07-03","7.0","134.25","5.2","PELELIU ISLAND PALAU ISLANDS, PW PS","   15",",,X","    0",",,X","  306",",,X","  256",",,X",,,,,"    1",",,X"
"PSW00040305","1945-07-04","7.0","134.25","5.2","PELELIU ISLAND PALAU ISLANDS, PW PS","  356",",,X","    0",",,X","  278",",,X","  233",",,X",,,,,"    1",",,X"
"PSW00040305","1945-07-05","7.0","134.25","5.2","PELELIU ISLAND PALAU ISLANDS, PW PS","  343",",,X","    0",",,X","  306",",,X","  233",",,X",,,"    1",",,X","    1",",,X"
"PSW00040305","1945-07-06","7.0","134.25","5.2","PELELIU ISLAND PALAU ISLANDS, PW PS","    0","T,,X","    0",",,X","  317",",,X","  239",",,X",,,,,"    1",",,X"
"PSW00040305","1945-07-07","7.0","134.25","5.2","PELELIU ISLAND PALAU ISLANDS, PW PS","  422",",,X","    0",",,X","  283",",,X","  228",",,X",,,,,"    1",",,X"
"PSW00040305","1945-07-08","7.0","134.25","5.2","PELELIU ISLAND PALAU ISLANDS, PW PS","    0","T,,X","    0",",,X","  300",",,X","  228",",,X",,,,,"    1",",,X"
"PSW00040305","1945-07-09","7.0","134.25","5.2","PELELIU ISLAND PALAU ISLANDS, PW PS","  175",",,X","    0",",,X","  300",",,X","  233",",,X",,,"    1",",,X","    1",",,X"
"PSW00040305","1945-07-10","7.0","134.25","5.2","PELELIU ISLAND PALAU ISLANDS, PW PS","  556",",,X","    0",",,X","  294",",,X","  233",",,X",,,,,"    1",",,X"
"PSW00040305","1945-07-11","7.0","134.25","5.2","PELELIU ISLAND PALAU ISLANDS, PW PS","   53",",,X","    0",",,X","  306",",,X","  250",",,X",,,,,"    1",",,X"
"PSW00040305","1945-07-12","7.0","134.25","5.2","PELELIU ISLAND PALAU ISLANDS, PW PS","  175",",,X","    0",",,X","  278",",,X","  233",",,X",,,,,"    1",",,X"
"PSW00040305","1945-07-13","7.0","134.25","5.2","PELELIU ISLAND PALAU ISLANDS, PW PS","  361",",,X","    0",",,X","  283",",,X","  222",",,X",,,,,"    1",",,X"
"PSW00040305","1945-07-14","7.0","134.25","5.2","PELELIU ISLAND PALAU ISLANDS, PW PS","   58",",,X","    0",",,X","  294",",,X","  228",",,X",,,,,"    1",",,X"
"PSW00040305","1945-07-15","7.0","134.25","5.2","PELELIU ISLAND PALAU ISLANDS, PW PS","  859",",,X","    0",",,X","  272",",,X","  228",",,X",,,,,"    1",",,X"
"PSW00040305","1945-07-16","7.0","134.25","5.2","PELELIU ISLAND PALAU ISLANDS, PW PS","   76",",,X","    0",",,X","  306",",,X","  239",",,X",,,,,"    1",",,X"
"PSW00040305","1945-07-17","7.0","134.25","5.2","PELELIU ISLAND PALAU ISLANDS, PW PS","    0",",,X","    0",",,X","  306",",,X","  256",",,X",,,,,,
"PSW00040305","1945-07-18","7.0","134.25","5.2","PELELIU ISLAND PALAU ISLANDS, PW PS","   48",",,X","    0",",,X","  300",",,X","  256",",,X",,,"    1",",,X","    1",",,X"
"PSW00040305","1945-07-19","7.0","134.25","5.2","PELELIU ISLAND PALAU ISLANDS, PW PS","  424",",,X","    0",",,X","  300",",,X","  244",",,X",,,,,"    1",",,X"
"PSW00040305","1945-07-20","7.0","134.25","5.2","PELELIU ISLAND PALAU ISLANDS, PW PS","   84",",,X","    0",",,X","  306",",,X","  244",",,X",,,,,"    1",",,X"
"PSW00040305","1945-07-21","7.0","134.25","5.2","PELELIU ISLAND PALAU ISLANDS, PW PS","   46",",,X","    0",",,X","  300",",,X","  244",",,X",,,,,"    1",",,X"
"PSW00040305","1945-07-22","7.0","134.25","5.2","PELELIU ISLAND PALAU ISLANDS, PW PS","   13",",,X","    0",",,X","  311",",,X","  244",",,X",,,,,"    1",",,X"
"PSW00040305","1945-07-23","7.0","134.25","5.2","PELELIU ISLAND PALAU ISLANDS, PW PS"," 1024",",,X","    0",",,X","  272",",,X","  228",",,X",,,"    1",",,X","    1",",,X"
"PSW00040305","1945-07-24","7.0","134.25","5.2","PELELIU ISLAND PALAU ISLANDS, PW PS","   18",",,X","    0",",,X","  306",",,X","  261",",,X",,,,,"    1",",,X"
"PSW00040305","1945-07-25","7.0","134.25","5.2","PELELIU ISLAND PALAU ISLANDS, PW PS","  127",",,X","    0",",,X","  311",",,X","  250",",,X",,,,,"    1",",,X"
"PSW00040305","1945-07-26","7.0","134.25","5.2","PELELIU ISLAND PALAU ISLANDS, PW PS","   38",",,X","    0",",,X","  311",",,X","  250",",,X",,,,,"    1",",,X"
"PSW00040305","1945-07-27","7.0","134.25","5.2","PELELIU ISLAND PALAU ISLANDS, PW PS","    3",",,X","    0",",,X","  311",",,X","  239",",,X",,,,,"    1",",,X"
"PSW00040305","1945-07-28","7.0","134.25","5.2","PELELIU ISLAND PALAU ISLANDS, PW PS","   15",",,X","    0",",,X","  311",",,X","  250",",,X",,,,,"    1",",,X"
"PSW00040305","1945-07-29","7.0","134.25","5.2","PELELIU ISLAND PALAU ISLANDS, PW PS","    0",",,X","    0",",,X","  317",",,X","  256",",,X",,,,,,
"PSW00040305","1945-07-30","7.0","134.25","5.2","PELELIU ISLAND PALAU ISLANDS, PW PS","    0",",,X","    0",",,X","  322",",,X","  244",",,X",,,,,,
"PSW00040305","1945-07-31","7.0","134.25","5.2","PELELIU ISLAND PALAU ISLANDS, PW PS","    0","T,,X","    0",",,X","  328",",,X","  239",",,X",,,,,"    1",",,X"
"PSW00040305","1945-08-01","7.0","134.25","5.2","PELELIU ISLAND PALAU ISLANDS, PW PS","   10",",,X","    0",",,X","  328",",,X","  250",",,X",,,,,"    1",",,X"
"PSW00040305","1945-08-02","7.0","134.25","5.2","PELELIU ISLAND PALAU ISLANDS, PW PS","   13",",,X","    0",",,X","  317",",,X","  250",",,X",,,,,"    1",",,X"
"PSW00040305","1945-08-03","7.0","134.25","5.2","PELELIU ISLAND PALAU ISLANDS, PW PS","    8",",,X","    0",",,X","  306",",,X","  244",",,X",,,,,"    1",",,X"
"PSW00040305","1945-08-04","7.0","134.25","5.2","PELELIU ISLAND PALAU ISLANDS, PW PS","    0",",,X","    0",",,X","  322",",,X","  239",",,X",,,,,,
"PSW00040305","1945-08-05","7.0","134.25","5.2","PELELIU ISLAND PALAU ISLANDS, PW PS","    0","T,,X","    0",",,X","  311",",,X","  244",",,X",,,,,"    1",",,X"
"PSW00040305","1945-08-06","7.0","134.25","5.2","PELELIU ISLAND PALAU ISLANDS, PW PS","   38",",,X","    0",",,X","  322",",,X","  261",",,X",,,,,"    1",",,X"
"PSW00040305","1945-08-07","7.0","134.25","5.2","PELELIU ISLAND PALAU ISLANDS, PW PS","    8",",,X","    0",",,X","  311",",,X","  244",",,X",,,,,"    1",",,X"
"PSW00040305","1945-08-08","7.0","134.25","5.2","PELELIU ISLAND PALAU ISLANDS, PW PS","  305",",,X","    0",",,X","  278",",,X","  239",",,X",,,,,"    1",",,X"
"PSW00040305","1945-08-09","7.0","134.25","5.2","PELELIU ISLAND PALAU ISLANDS, PW PS","  368",",,X","    0",",,X","  311",",,X","  233",",,X",,,,,"    1",",,X"
"PSW00040305","1945-08-10","7.0","134.25","5.2","PELELIU ISLAND PALAU ISLANDS, PW PS","    0","T,,X","    0",",,X","  317",",,X","  233",",,X",,,,,"    1",",,X"
"PSW00040305","1945-08-11","7.0","134.25","5.2","PELELIU ISLAND PALAU ISLANDS, PW PS","    3",",,X","    0",",,X","  317",",,X","  239",",,X",,,,,"    1",",,X"
"PSW00040305","1945-08-12","7.0","134.25","5.2","PELELIU ISLAND PALAU ISLANDS, PW PS","   58",",,X","    0",",,X","  311",",,X","  239",",,X",,,,,"    1",",,X"
"PSW00040305","1945-08-13","7.0","134.25","5.2","PELELIU ISLAND PALAU ISLANDS, PW PS","    0",",,X","    0",",,X","  328",",,X","  239",",,X",,,,,,
"PSW00040305","1945-08-14","7.0","134.25","5.2","PELELIU ISLAND PALAU ISLANDS, PW PS","    3",",,X","    0",",,X","  328",",,X","  239",",,X",,,,,"    1",",,X"
"PSW00040305","1945-08-15","7.0","134.25","5.2","PELELIU ISLAND PALAU ISLANDS, PW PS","    5",",,X","    0",",,X","  328",",,X","  244",",,X",,,,,"    1",",,X"
"PSW00040305","1945-08-16","7.0","134.25","5.2","PELELIU ISLAND PALAU ISLANDS, PW PS","   15",",,X","    0",",,X","  328",",,X","  250",",,X",,,"    1",",,X","    1",",,X"
"PSW00040305","1945-08-17","7.0","134.25","5.2","PELELIU ISLAND PALAU ISLANDS, PW PS","   46",",,X","    0",",,X","  317",",,X","  239",",,X",,,,,"    1",",,X"
"PSW00040305","1945-08-18","7.0","134.25","5.2","PELELIU ISLAND PALAU ISLANDS, PW PS","    8",",,X","    0",",,X","  306",",,X","  233",",,X",,,,,"    1",",,X"
"PSW00040305","1945-08-19","7.0","134.25","5.2","PELELIU ISLAND PALAU ISLANDS, PW PS","    0",",,X","    0",",,X","  322",",,X","  244",",,X",,,,,,
"PSW00040305","1945-08-20","7.0","134.25","5.2","PELELIU ISLAND PALAU ISLANDS, PW PS","    0",",,X","    0",",,X","  328",",,X","  244",",,X",,,,,,
"PSW00040305","1945-08-21","7.0","134.25","5.2","PELELIU ISLAND PALAU ISLANDS, PW PS","   41",",,X","    0",",,X","  317",",,X","  250",",,X",,,,,"    1",",,X"
"PSW00040305","1945-08-22","7.0","134.25","5.2","PELELIU ISLAND PALAU ISLANDS, PW PS","  180",",,X","    0",",,X","  317",",,X","  233",",,X",,,,,"    1",",,X"
"PSW00040305","1945-08-23","7.0","134.25","5.2","PELELIU ISLAND PALAU ISLANDS, PW PS","    5",",,X","    0",",,X","  306",",,X","  256",",,X",,,,,"    1",",,X"
"PSW00040305","1945-08-24","7.0","134.25","5.2","PELELIU ISLAND PALAU ISLANDS, PW PS","    0","T,,X","    0",",,X","  322",",,X","  244",",,X",,,,,"    1",",,X"
"PSW00040305","1945-08-25","7.0","134.25","5.2","PELELIU ISLAND PALAU ISLANDS, PW PS","   76",",,X","    0",",,X","  300",",,X","  256",",,X",,,,,"    1",",,X"
"PSW00040305","1945-08-26","7.0","134.25","5.2","PELELIU ISLAND PALAU ISLANDS, PW PS","   20",",,X","    0",",,X","  306",",,X","  250",",,X",,,,,"    1",",,X"
"PSW00040305","1945-08-27","7.0","134.25","5.2","PELELIU ISLAND PALAU ISLANDS, PW PS","  112",",,X","    0",",,X","  317",",,X","  244",",,X",,,,,"    1",",,X"
"PSW00040305","1945-08-28","7.0","134.25","5.2","PELELIU ISLAND PALAU ISLANDS, PW PS","   36",",,X","    0",",,X","  317",",,X","  239",",,X",,,,,,
"PSW00040305","1945-08-29","7.0","134.25","5.2","PELELIU ISLAND PALAU ISLANDS, PW PS","  904",",,X","    0",",,X","  283",",,X","  233",",,X",,,,,"    1",",,X"
"PSW00040305","1945-08-30","7.0","134.25","5.2","PELELIU ISLAND PALAU ISLANDS, PW PS","    0",",,X","    0",",,X","  322",",,X","  244",",,X",,,,,,
"PSW00040305","1945-08-31","7.0","134.25","5.2","PELELIU ISLAND PALAU ISLANDS, PW PS","  112",",,X","    0",",,X","  311",",,X","  244",",,X",,,,,"    1",",,X"
"PSW00040305","1945-09-01","7.0","134.25","5.2","PELELIU ISLAND PALAU ISLANDS, PW PS","  335",",,X","    0",",,X","  306",",,X","  239",",,X","    1",",,X",,,"    1",",,X"
"PSW00040305","1945-09-02","7.0","134.25","5.2","PELELIU ISLAND PALAU ISLANDS, PW PS","   46",",,X","    0",",,X","  289",",,X","  250",",,X",,,,,"    1",",,X"
"PSW00040305","1945-09-03","7.0","134.25","5.2","PELELIU ISLAND PALAU ISLANDS, PW PS","  130",",,X","    0",",,X","  294",",,X","  228",",,X",,,,,"    1",",,X"
"PSW00040305","1945-09-04","7.0","134.25","5.2","PELELIU ISLAND PALAU ISLANDS, PW PS","  663",",,X","    0",",,X","  300",",,X","  233",",,X",,,,,"    1",",,X"
"PSW00040305","1945-09-05","7.0","134.25","5.2","PELELIU ISLAND PALAU ISLANDS, PW PS","  104",",,X","    0",",,X","  300",",,X","  239",",,X",,,,,"    1",",,X"
"PSW00040305","1945-09-06","7.0","134.25","5.2","PELELIU ISLAND PALAU ISLANDS, PW PS","  206",",,X","    0",",,X","  278",",,X","  239",",,X",,,,,"    1",",,X"
"PSW00040305","1945-09-07","7.0","134.25","5.2","PELELIU ISLAND PALAU ISLANDS, PW PS","  500",",,X","    0",",,X","  283",",,X","  239",",,X",,,,,"    1",",,X"
"PSW00040305","1945-09-08","7.0","134.25","5.2","PELELIU ISLAND PALAU ISLANDS, PW PS","  424",",,X","    0",",,X","  272",",,X","  228",",,X",,,,,"    1",",,X"
"PSW00040305","1945-09-09","7.0","134.25","5.2","PELELIU ISLAND PALAU ISLANDS, PW PS","   15",",,X","    0",",,X","  311",",,X","  233",",,X",,,,,"    1",",,X"
"PSW00040305","1945-09-10","7.0","134.25","5.2","PELELIU ISLAND PALAU ISLANDS, PW PS","   20",",,X","    0",",,X","  283",",,X","  244",",,X",,,,,"    1",",,X"
"PSW00040305","1945-09-11","7.0","134.25","5.2","PELELIU ISLAND PALAU ISLANDS, PW PS","  165",",,X","    0",",,X","  300",",,X","  244",",,X",,,,,"    1",",,X"
"PSW00040305","1945-09-12","7.0","134.25","5.2","PELELIU ISLAND PALAU ISLANDS, PW PS","    0",",,X","    0",",,X","  317",",,X","  239",",,X",,,,,,
"PSW00040305","1945-09-13","7.0","134.25","5.2","PELELIU ISLAND PALAU ISLANDS, PW PS","   33",",,X","    0",",,X","  300",",,X","  239",",,X",,,,,"    1",",,X"
"PSW00040305","1945-09-14","7.0","134.25","5.2","PELELIU ISLAND PALAU ISLANDS, PW PS","   69",",,X","    0",",,X","  294",",,X","  250",",,X",,,,,"    1",",,X"
"PSW00040305","1945-09-15","7.0","134.25","5.2","PELELIU ISLAND PALAU ISLANDS, PW PS","  378",",,X","    0",",,X","  289",",,X","  233",",,X",,,,,"    1",",,X"
"PSW00040305","1945-09-16","7.0","134.25","5.2","PELELIU ISLAND PALAU ISLANDS, PW PS","   33",",,X","    0",",,X","  311",",,X","  244",",,X",,,,,"    1",",,X"
"PSW00040305","1945-09-17","7.0","134.25","5.2","PELELIU ISLAND PALAU ISLANDS, PW PS","  137",",,X","    0",",,X","  300",",,X","  239",",,X",,,,,"    1",",,X"
"PSW00040305","1945-09-18","7.0","134.25","5.2","PELELIU ISLAND PALAU ISLANDS, PW PS","   81",",,X","    0",",,X","  300",",,X","  239",",,X",,,,,"    1",",,X"
"PSW00040305","1945-09-19","7.0","134.25","5.2","PELELIU ISLAND PALAU ISLANDS, PW PS","  191",",,X","    0",",,X","  267",",,X","  239",",,X",,,,,"    1",",,X"
"PSW00040305","1945-09-20","7.0","134.25","5.2","PELELIU ISLAND PALAU ISLANDS, PW PS","   28",",,X","    0",",,X","  294",",,X","  250",",,X",,,,,"    1",",,X"
"PSW00040305","1945-09-21","7.0","134.25","5.2","PELELIU ISLAND PALAU ISLANDS, PW PS","    0",",,X","    0",",,X","  322",",,X","  239",",,X",,,,,,
"PSW00040305","1945-09-22","7.0","134.25","5.2","PELELIU ISLAND PALAU ISLANDS, PW PS","  104",",,X","    0",",,X","  322",",,X","  250",",,X",,,,,"    1",",,X"
"PSW00040305","1945-09-23","7.0","134.25","5.2","PELELIU ISLAND PALAU ISLANDS, PW PS","   97",",,X","    0",",,X","  322",",,X","  244",",,X",,,,,"    1",",,X"
"PSW00040305","1945-09-24","7.0","134.25","5.2","PELELIU ISLAND PALAU ISLANDS, PW PS","   94",",,X","    0",",,X","  272",",,X","  239",",,X",,,,,"    1",",,X"
"PSW00040305","1945-09-25","7.0","134.25","5.2","PELELIU ISLAND PALAU ISLANDS, PW PS","    0",",,X","    0",",,X","  317",",,X","  239",",,X",,,,,,
"PSW00040305","1945-09-26","7.0","134.25","5.2","PELELIU ISLAND PALAU ISLANDS, PW PS","    5",",,X","    0",",,X","  311",",,X","  239",",,X",,,,,"    1",",,X"
"PSW00040305","1945-09-27","7.0","134.25","5.2","PELELIU ISLAND PALAU ISLANDS, PW PS","  196",",,X","    0",",,X","  311",",,X","  239",",,X",,,,,"    1",",,X"
"PSW00040305","1945-09-28","7.0","134.25","5.2","PELELIU ISLAND PALAU ISLANDS, PW PS","   25",",,X","    0",",,X","  317",",,X","  250",",,X",,,,,"    1",",,X"
"PSW00040305","1945-09-29","7.0","134.25","5.2","PELELIU ISLAND PALAU ISLANDS, PW PS","  615",",,X","    0",",,X","  311",",,X","  233",",,X",,,"    1",",,X","    1",",,X"
"PSW00040305","1945-09-30","7.0","134.25","5.2","PELELIU ISLAND PALAU ISLANDS, PW PS","   61",",,X","    0",",,X","  294",",,X","  233",",,X",,,,,"    1",",,X"
"PSW00040305","1945-10-01","7.0","134.25","5.2","PELELIU ISLAND PALAU ISLANDS, PW PS","    0","T,,X","    0",",,X","  306",",,X","  250",",,X",,,,,"    1",",,X"
"PSW00040305","1945-10-02","7.0","134.25","5.2","PELELIU ISLAND PALAU ISLANDS, PW PS","  107",",,X","    0",",,X","  294",",,X","  239",",,X",,,,,"    1",",,X"
"PSW00040305","1945-10-03","7.0","134.25","5.2","PELELIU ISLAND PALAU ISLANDS, PW PS","  147",",,X","    0",",,X","  306",",,X","  244",",,X",,,,,"    1",",,X"
"PSW00040305","1945-10-04","7.0","134.25","5.2","PELELIU ISLAND PALAU ISLANDS, PW PS","    5",",,X","    0",",,X","  311",",,X","  250",",,X",,,,,"    1",",,X"
"PSW00040305","1945-10-05","7.0","134.25","5.2","PELELIU ISLAND PALAU ISLANDS, PW PS","   18",",,X","    0",",,X","  306",",,X","  256",",,X",,,,,"    1",",,X"
"PSW00040305","1945-10-06","7.0","134.25","5.2","PELELIU ISLAND PALAU ISLANDS, PW PS","  645",",,X","    0",",,X","  294",",,X","  233",",,X",,,"    1",",,X","    1",",,X"
"PSW00040305","1945-10-07","7.0","134.25","5.2","PELELIU ISLAND PALAU ISLANDS, PW PS","  538",",,X","    0",",,X","  306",",,X","  233",",,X",,,"    1",",,X","    1",",,X"
"PSW00040305","1945-10-08","7.0","134.25","5.2","PELELIU ISLAND PALAU ISLANDS, PW PS","  295",",,X","    0",",,X","  300",",,X","  233",",,X",,,"    1",",,X","    1",",,X"
"PSW00040305","1945-10-09","7.0","134.25","5.2","PELELIU ISLAND PALAU ISLANDS, PW PS","    3",",,X","    0",",,X","  311",",,X","  250",",,X",,,,,"    1",",,X"
"PSW00040305","1945-10-10","7.0","134.25","5.2","PELELIU ISLAND PALAU ISLANDS, PW PS","    5",",,X","    0",",,X","  322",",,X","  250",",,X",,,,,"    1",",,X"
"PSW00040305","1945-10-11","7.0","134.25","5.2","PELELIU ISLAND PALAU ISLANDS, PW PS","    5",",,X","    0",",,X","  294",",,X","  250",",,X",,,"    1",",,X","    1",",,X"
"PSW00040305","1945-10-12","7.0","134.25","5.2","PELELIU ISLAND PALAU ISLANDS, PW PS","   15",",,X","    0",",,X","  300",",,X","  244",",,X",,,,,"    1",",,X"
"PSW00040305","1945-10-13","7.0","134.25","5.2","PELELIU ISLAND PALAU ISLANDS, PW PS","   56",",,X","    0",",,X","  317",",,X","  244",",,X",,,,,"    1",",,X"
"PSW00040305","1945-10-14","7.0","134.25","5.2","PELELIU ISLAND PALAU ISLANDS, PW PS","   64",",,X","    0",",,X","  311",",,X","  256",",,X",,,,,"    1",",,X"
"PSW00040305","1945-10-15","7.0","134.25","5.2","PELELIU ISLAND PALAU ISLANDS, PW PS","  399",",,X","    0",",,X","  300",",,X","  256",",,X",,,"    1",",,X","    1",",,X"
"PSW00040305","1945-10-16","7.0","134.25","5.2","PELELIU ISLAND PALAU ISLANDS, PW PS","    5",",,X","    0",",,X","  311",",,X","  228",",,X",,,,,"    1",",,X"
"PSW00040305","1945-10-17","7.0","134.25","5.2","PELELIU ISLAND PALAU ISLANDS, PW PS","    0",",,X","    0",",,X","  311",",,X","  244",",,X",,,,,,
"PSW00040305","1945-10-18","7.0","134.25","5.2","PELELIU ISLAND PALAU ISLANDS, PW PS","  259",",,X","    0",",,X","  278",",,X","  239",",,X",,,,,"    1",",,X"
"PSW00040305","1945-10-19","7.0","134.25","5.2","PELELIU ISLAND PALAU ISLANDS, PW PS","    0",",,X","    0",",,X","  317",",,X","  239",",,X",,,,,,
"PSW00040305","1945-10-20","7.0","134.25","5.2","PELELIU ISLAND PALAU ISLANDS, PW PS","   10",",,X","    0",",,X","  322",",,X","  256",",,X",,,,,"    1",",,X"
"PSW00040305","1945-10-21","7.0","134.25","5.2","PELELIU ISLAND PALAU ISLANDS, PW PS","  257",",,X","    0",",,X","  311",",,X","  239",",,X",,,,,"    1",",,X"
"PSW00040305","1945-10-22","7.0","134.25","5.2","PELELIU ISLAND PALAU ISLANDS, PW PS","   33",",,X","    0",",,X","  322",",,X","  256",",,X",,,,,"    1",",,X"
"PSW00040305","1945-10-23","7.0","134.25","5.2","PELELIU ISLAND PALAU ISLANDS, PW PS","    3",",,X","    0",",,X","  311",",,X","  244",",,X",,,,,"    1",",,X"
"PSW00040305","1945-10-24","7.0","134.25","5.2","PELELIU ISLAND PALAU ISLANDS, PW PS","    0","T,,X","    0",",,X","  317",",,X","  256",",,X",,,,,"    1",",,X"
"PSW00040305","1945-10-25","7.0","134.25","5.2","PELELIU ISLAND PALAU ISLANDS, PW PS","   66",",,X","    0",",,X","  311",",,X","  244",",,X",,,,,"    1",",,X"
"PSW00040305","1945-10-26","7.0","134.25","5.2","PELELIU ISLAND PALAU ISLANDS, PW PS","  198",",,X","    0",",,X","  306",",,X","  256",",,X",,,,,"    1",",,X"
"PSW00040305","1945-10-27","7.0","134.25","5.2","PELELIU ISLAND PALAU ISLANDS, PW PS","   94",",,X","    0",",,X","  306",",,X","  233",",,X",,,,,"    1",",,X"
"PSW00040305","1945-10-28","7.0","134.25","5.2","PELELIU ISLAND PALAU ISLANDS, PW PS","  168",",,X","    0",",,X","  311",",,X","  239",",,X",,,,,"    1",",,X"
"PSW00040305","1945-10-29","7.0","134.25","5.2","PELELIU ISLAND PALAU ISLANDS, PW PS","    0",",,X","    0",",,X","  311",",,X","  261",",,X",,,,,,
"PSW00040305","1945-10-30","7.0","134.25","5.2","PELELIU ISLAND PALAU ISLANDS, PW PS","  140",",,X","    0",",,X","  300",",,X","  239",",,X",,,,,"    1",",,X"
"PSW00040305","1945-10-31","7.0","134.25","5.2","PELELIU ISLAND PALAU ISLANDS, PW PS","  254",",,X","    0",",,X","  306",",,X","  228",",,X",,,,,"    1",",,X"
"PSW00040305","1945-11-01","7.0","134.25","5.2","PELELIU ISLAND PALAU ISLANDS, PW PS","   30",",,X","    0",",,X","  311",",,X","  256",",,X",,,,,"    1",",,X"
"PSW00040305","1945-11-02","7.0","134.25","5.2","PELELIU ISLAND PALAU ISLANDS, PW PS","   71",",,X","    0",",,X","  311",",,X","  244",",,X",,,,,"    1",",,X"
"PSW00040305","1945-11-03","7.0","134.25","5.2","PELELIU ISLAND PALAU ISLANDS, PW PS","   15",",,X","    0",",,X","  300",",,X","  244",",,X",,,,,"    1",",,X"
"PSW00040305","1945-11-04","7.0","134.25","5.2","PELELIU ISLAND PALAU ISLANDS, PW PS","    3",",,X","    0",",,X","  306",",,X","  250",",,X",,,,,"    1",",,X"
"PSW00040305","1945-11-05","7.0","134.25","5.2","PELELIU ISLAND PALAU ISLANDS, PW PS","  117",",,X","    0",",,X","  311",",,X","  250",",,X",,,,,"    1",",,X"
"PSW00040305","1945-11-06","7.0","134.25","5.2","PELELIU ISLAND PALAU ISLANDS, PW PS","    0","T,,X","    0",",,X","  328",",,X","  250",",,X",,,,,"    1",",,X"
"PSW00040305","1945-11-07","7.0","134.25","5.2","PELELIU ISLAND PALAU ISLANDS, PW PS","    8",",,X","    0",",,X","  322",",,X","  244",",,X",,,,,"    1",",,X"
"PSW00040305","1945-11-08","7.0","134.25","5.2","PELELIU ISLAND PALAU ISLANDS, PW PS","   66",",,X","    0",",,X","  322",",,X","  244",",,X",,,,,"    1",",,X"
"PSW00040305","1945-11-09","7.0","134.25","5.2","PELELIU ISLAND PALAU ISLANDS, PW PS","   53",",,X","    0",",,X","  322",",,X","  250",",,X",,,,,"    1",",,X"
"PSW00040305","1945-11-10","7.0","134.25","5.2","PELELIU ISLAND PALAU ISLANDS, PW PS","  188",",,X","    0",",,X","  300",",,X","  250",",,X",,,"    1",",,X","    1",",,X"
"PSW00040305","1945-11-11","7.0","134.25","5.2","PELELIU ISLAND PALAU ISLANDS, PW PS","  325",",,X","    0",",,X","  306",",,X","  233",",,X",,,,,"    1",",,X"
"PSW00040305","1945-11-12","7.0","134.25","5.2","PELELIU ISLAND PALAU ISLANDS, PW PS","  206",",,X","    0",",,X","  283",",,X","  233",",,X",,,"    1",",,X","    1",",,X"
"PSW00040305","1945-11-13","7.0","134.25","5.2","PELELIU ISLAND PALAU ISLANDS, PW PS","    0",",,X","    0",",,X","  328",",,X","  250",",,X",,,,,,
"PSW00040305","1945-11-14","7.0","134.25","5.2","PELELIU ISLAND PALAU ISLANDS, PW PS","    0","T,,X","    0",",,X","  317",",,X","  250",",,X",,,,,"    1",",,X"
"PSW00040305","1945-11-15","7.0","134.25","5.2","PELELIU ISLAND PALAU ISLANDS, PW PS","   99",",,X","    0",",,X","  306",",,X","  239",",,X",,,"    1",",,X","    1",",,X"
"PSW00040305","1945-11-16","7.0","134.25","5.2","PELELIU ISLAND PALAU ISLANDS, PW PS","   28",",,X","    0",",,X","  311",",,X","  256",",,X",,,,,"    1",",,X"
"PSW00040305","1945-11-17","7.0","134.25","5.2","PELELIU ISLAND PALAU ISLANDS, PW PS","   36",",,X","    0",",,X","  322",",,X","  256",",,X",,,,,"    1",",,X"
"PSW00040305","1945-11-18","7.0","134.25","5.2","PELELIU ISLAND PALAU ISLANDS, PW PS","  762",",,X","    0",",,X","  272",",,X","  228",",,X",,,,,"    1",",,X"
"PSW00040305","1945-11-19","7.0","134.25","5.2","PELELIU ISLAND PALAU ISLANDS, PW PS","    5",",,X","    0",",,X","  311",",,X","  239",",,X",,,,,"    1",",,X"
"PSW00040305","1945-11-20","7.0","134.25","5.2","PELELIU ISLAND PALAU ISLANDS, PW PS","    0","T,,X","    0",",,X","  317",",,X","  233",",,X",,,,,"    1",",,X"
"PSW00040305","1945-11-21","7.0","134.25","5.2","PELELIU ISLAND PALAU ISLANDS, PW PS","   25",",,X","    0",",,X","  306",",,X","  244",",,X",,,,,"    1",",,X"
"PSW00040305","1945-11-22","7.0","134.25","5.2","PELELIU ISLAND PALAU ISLANDS, PW PS","   69",",,X","    0",",,X","  311",",,X","  244",",,X",,,,,"    1",",,X"
"PSW00040305","1945-11-23","7.0","134.25","5.2","PELELIU ISLAND PALAU ISLANDS, PW PS","   81",",,X","    0",",,X","  311",",,X","  239",",,X",,,,,"    1",",,X"
"PSW00040305","1945-11-24","7.0","134.25","5.2","PELELIU ISLAND PALAU ISLANDS, PW PS","    3",",,X","    0",",,X","  322",",,X","  250",",,X",,,,,,
"PSW00040305","1945-11-25","7.0","134.25","5.2","PELELIU ISLAND PALAU ISLANDS, PW PS","    0",",,X","    0",",,X","  311",",,X","  239",",,X",,,,,,
"PSW00040305","1945-11-26","7.0","134.25","5.2","PELELIU ISLAND PALAU ISLANDS, PW PS","    0",",,X","    0",",,X","  311",",,X","  261",",,X",,,,,,
"PSW00040305","1945-11-27","7.0","134.25","5.2","PELELIU ISLAND PALAU ISLANDS, PW PS","    0",",,X","    0",",,X","  317",",,X","  250",",,X",,,,,,
"PSW00040305","1945-11-28","7.0","134.25","5.2","PELELIU ISLAND PALAU ISLANDS, PW PS","   36",",,X","    0",",,X","  311",",,X","  244",",,X",,,,,"    1",",,X"
"PSW00040305","1945-11-29","7.0","134.25","5.2","PELELIU ISLAND PALAU ISLANDS, PW PS","    0","T,,X","    0",",,X","  306",",,X","  256",",,X",,,,,"    1",",,X"
"PSW00040305","1945-11-30","7.0","134.25","5.2","PELELIU ISLAND PALAU ISLANDS, PW PS","    0",",,X","    0",",,X","  333",",,X","  239",",,X",,,,,,
"PSW00040305","1945-12-01","7.0","134.25","5.2","PELELIU ISLAND PALAU ISLANDS, PW PS","   64",",,X","    0",",,X","  322",",,X","  256",",,X",,,,,"    1",",,X"
"PSW00040305","1945-12-02","7.0","134.25","5.2","PELELIU ISLAND PALAU ISLANDS, PW PS","  127",",,X","    0",",,X","  311",",,X","  244",",,X",,,,,"    1",",,X"
"PSW00040305","1945-12-03","7.0","134.25","5.2","PELELIU ISLAND PALAU ISLANDS, PW PS","    5",",,X","    0",",,X","  317",",,X","  250",",,X",,,"    1",",,X","    1",",,X"
"PSW00040305","1945-12-04","7.0","134.25","5.2","PELELIU ISLAND PALAU ISLANDS, PW PS","   25",",,X","    0",",,X","  311",",,X","  250",",,X",,,,,"    1",",,X"
"PSW00040305","1945-12-05","7.0","134.25","5.2","PELELIU ISLAND PALAU ISLANDS, PW PS","   46",",,X","    0",",,X","  317",",,X","  250",",,X",,,,,"    1",",,X"
"PSW00040305","1945-12-06","7.0","134.25","5.2","PELELIU ISLAND PALAU ISLANDS, PW PS","  224",",,X","    0",",,X","  311",",,X","  250",",,X",,,,,"    1",",,X"
"PSW00040305","1945-12-07","7.0","134.25","5.2","PELELIU ISLAND PALAU ISLANDS, PW PS","   71",",,X","    0",",,X","  311",",,X","  244",",,X",,,,,"    1",",,X"
"PSW00040305","1945-12-08","7.0","134.25","5.2","PELELIU ISLAND PALAU ISLANDS, PW PS","    0","T,,X","    0",",,X","  317",",,X","  250",",,X",,,,,"    1",",,X"
"PSW00040305","1945-12-09","7.0","134.25","5.2","PELELIU ISLAND PALAU ISLANDS, PW PS","    8",",,X","    0",",,X","  300",",,X","  244",",,X",,,"    1",",,X","    1",",,X"
"PSW00040305","1945-12-10","7.0","134.25","5.2","PELELIU ISLAND PALAU ISLANDS, PW PS","   97",",,X","    0",",,X","  317",",,X","  261",",,X",,,,,"    1",",,X"
"PSW00040305","1945-12-11","7.0","134.25","5.2","PELELIU ISLAND PALAU ISLANDS, PW PS","  909",",,X","    0",",,X","  289",",,X","  222",",,X",,,,,"    1",",,X"
"PSW00040305","1945-12-12","7.0","134.25","5.2","PELELIU ISLAND PALAU ISLANDS, PW PS","  284",",,X","    0",",,X","  289",",,X","  250",",,X",,,,,"    1",",,X"
"PSW00040305","1945-12-13","7.0","134.25","5.2","PELELIU ISLAND PALAU ISLANDS, PW PS","   46",",,X","    0",",,X","  322",",,X","  244",",,X",,,,,"    1",",,X"
"PSW00040305","1945-12-14","7.0","134.25","5.2","PELELIU ISLAND PALAU ISLANDS, PW PS","    0",",,X","    0",",,X","  317",",,X","  239",",,X",,,,,,
"PSW00040305","1945-12-15","7.0","134.25","5.2","PELELIU ISLAND PALAU ISLANDS, PW PS","   13",",,X","    0",",,X","  311",",,X","  244",",,X",,,,,"    1",",,X"
"PSW00040305","1945-12-16","7.0","134.25","5.2","PELELIU ISLAND PALAU ISLANDS, PW PS","    0","T,,X","    0",",,X","  311",",,X","  261",",,X",,,,,"    1",",,X"
"PSW00040305","1945-12-17","7.0","134.25","5.2","PELELIU ISLAND PALAU ISLANDS, PW PS","    0","T,,X","    0",",,X","  317",",,X","  250",",,X",,,,,"    1",",,X"
"PSW00040305","1945-12-18","7.0","134.25","5.2","PELELIU ISLAND PALAU ISLANDS, PW PS","    0","T,,X","    0",",,X","  311",",,X","  256",",,X",,,,,"    1",",,X"
"PSW00040305","1945-12-19","7.0","134.25","5.2","PELELIU ISLAND PALAU ISLANDS, PW PS"," 1026",",,X","    0",",,X","  278",",,X","  228",",,X",,,,,"    1",",,X"
"PSW00040305","1945-12-20","7.0","134.25","5.2","PELELIU ISLAND PALAU ISLANDS, PW PS","  358",",,X","    0",",,X","  300",",,X","  239",",,X",,,,,"    1",",,X"
"PSW00040305","1945-12-21","7.0","134.25","5.2","PELELIU ISLAND PALAU ISLANDS, PW PS","    5",",,X","    0",",,X","  311",",,X","  239",",,X",,,,,"    1",",,X"
"PSW00040305","1945-12-22","7.0","134.25","5.2","PELELIU ISLAND PALAU ISLANDS, PW PS","  338",",,X","    0",",,X","  317",",,X","  239",",,X",,,,,"    1",",,X"
"PSW00040305","1945-12-23","7.0","134.25","5.2","PELELIU ISLAND PALAU ISLANDS, PW PS","   28",",,X","    0",",,X","  306",",,X","  233",",,X",,,,,"    1",",,X"
"PSW00040305","1945-12-24","7.0","134.25","5.2","PELELIU ISLAND PALAU ISLANDS, PW PS","    0",",,X","    0",",,X","  311",",,X","  239",",,X",,,,,,
"PSW00040305","1945-12-25","7.0","134.25","5.2","PELELIU ISLAND PALAU ISLANDS, PW PS","   10",",,X","    0",",,X","  311",",,X","  239",",,X",,,,,"    1",",,X"
"PSW00040305","1945-12-26","7.0","134.25","5.2","PELELIU ISLAND PALAU ISLANDS, PW PS","    0","T,,X","    0",",,X","  333",",,X","  250",",,X",,,,,"    1",",,X"
"PSW00040305","1945-12-27","7.0","134.25","5.2","PELELIU ISLAND PALAU ISLANDS, PW PS","   18",",,X","    0",",,X","  317",",,X","  244",",,X",,,,,"    1",",,X"
"PSW00040305","1945-12-28","7.0","134.25","5.2","PELELIU ISLAND PALAU ISLANDS, PW PS","    0","T,,X","    0",",,X","  322",",,X","  233",",,X",,,,,"    1",",,X"
"PSW00040305","1945-12-29","7.0","134.25","5.2","PELELIU ISLAND PALAU ISLANDS, PW PS","   94",",,X","    0",",,X","  333",",,X","  239",",,X",,,,,"    1",",,X"
"PSW00040305","1945-12-30","7.0","134.25","5.2","PELELIU ISLAND PALAU ISLANDS, PW PS","   30",",,X","    0",",,X","  317",",,X","  239",",,X",,,,,"    1",",,X"
"PSW00040305","1945-12-31","7.0","134.25","5.2","PELELIU ISLAND PALAU ISLANDS, PW PS","    0","T,,X","    0",",,X","  300",",,X","  250",",,X",,,,,"    1",",,X"
"PSW00040305","1946-01-01","7.0","134.25","5.2","PELELIU ISLAND PALAU ISLANDS, PW PS","  119",",,X","    0",",,X","  311",",,X","  244",",,X",,,,,"    1",",,X"
"PSW00040305","1946-01-02","7.0","134.25","5.2","PELELIU ISLAND PALAU ISLANDS, PW PS","  107",",,X","    0",",,X","  306",",,X","  239",",,X",,,,,"    1",",,X"
"PSW00040305","1946-01-03","7.0","134.25","5.2","PELELIU ISLAND PALAU ISLANDS, PW PS","  178",",,X","    0",",,X","  300",",,X","  244",",,X",,,"    1",",,X","    1",",,X"
"PSW00040305","1946-01-04","7.0","134.25","5.2","PELELIU ISLAND PALAU ISLANDS, PW PS","  269",",,X","    0",",,X","  294",",,X","  239",",,X",,,,,"    1",",,X"
"PSW00040305","1946-01-05","7.0","134.25","5.2","PELELIU ISLAND PALAU ISLANDS, PW PS","   64",",,X","    0",",,X","  300",",,X","  239",",,X",,,,,"    1",",,X"
"PSW00040305","1946-01-06","7.0","134.25","5.2","PELELIU ISLAND PALAU ISLANDS, PW PS","   23",",,X","    0",",,X","  317",",,X","  256",",,X",,,,,"    1",",,X"
"PSW00040305","1946-01-07","7.0","134.25","5.2","PELELIU ISLAND PALAU ISLANDS, PW PS","  122",",,X","    0",",,X","  317",",,X","  256",",,X",,,,,"    1",",,X"
"PSW00040305","1946-01-08","7.0","134.25","5.2","PELELIU ISLAND PALAU ISLANDS, PW PS","   38",",,X","    0",",,X","  294",",,X","  256",",,X",,,,,"    1",",,X"
"PSW00040305","1946-01-09","7.0","134.25","5.2","PELELIU ISLAND PALAU ISLANDS, PW PS","    5",",,X","    0",",,X","  322",",,X","  267",",,X",,,,,"    1",",,X"
"PSW00040305","1946-01-10","7.0","134.25","5.2","PELELIU ISLAND PALAU ISLANDS, PW PS",,,"    0",",,X","  272",",,X","  250",",,X",,,,,"    1",",,X"
"PSW00040305","1946-01-11","7.0","134.25","5.2","PELELIU ISLAND PALAU ISLANDS, PW PS",,,"    0",",,X",,,,,,,,,"    1",",,X"
"PSW00040305","1946-01-12","7.0","134.25","5.2","PELELIU ISLAND PALAU ISLANDS, PW PS","  498",",,X","    0",",,X","  300",",,X","  250",",,X",,,,,"    1",",,X"
"PSW00040305","1946-01-13","7.0","134.25","5.2","PELELIU ISLAND PALAU ISLANDS, PW PS","  163",",,X","    0",",,X","  328",",,X","  244",",,X",,,,,"    1",",,X"
"PSW00040305","1946-01-14","7.0","134.25","5.2","PELELIU ISLAND PALAU ISLANDS, PW PS","   18",",,X","    0",",,X","  294",",,X","  244",",,X",,,,,"    1",",,X"
"PSW00040305","1946-01-15","7.0","134.25","5.2","PELELIU ISLAND PALAU ISLANDS, PW PS","    0","T,,X","    0",",,X","  317",",,X","  228",",,X",,,,,"    1",",,X"
"PSW00040305","1946-01-16","7.0","134.25","5.2","PELELIU ISLAND PALAU ISLANDS, PW PS","    0","T,,X","    0",",,X","  317",",,X","  222",",,X",,,,,"    1",",,X"
"PSW00040305","1946-01-17","7.0","134.25","5.2","PELELIU ISLAND PALAU ISLANDS, PW PS","   99",",,X","    0",",,X","  311",",,X","  250",",,X",,,,,"    1",",,X"
"PSW00040305","1946-01-18","7.0","134.25","5.2","PELELIU ISLAND PALAU ISLANDS, PW PS","   53",",,X","    0",",,X","  311",",,X","  244",",,X",,,,,"    1",",,X"
"PSW00040305","1946-01-19","7.0","134.25","5.2","PELELIU ISLAND PALAU ISLANDS, PW PS","  269",",,X","    0",",,X","  306",",,X","  244",",,X",,,,,"    1",",,X"
"PSW00040305","1946-01-20","7.0","134.25","5.2","PELELIU ISLAND PALAU ISLANDS, PW PS","  467",",,X","    0",",,X","  306",",,X","  244",",,X",,,,,"    1",",,X"
"PSW00040305","1946-01-21","7.0","134.25","5.2","PELELIU ISLAND PALAU ISLANDS, PW PS","  122",",,X","    0",",,X","  294",",,X","  250",",,X",,,,,"    1",",,X"
"PSW00040305","1946-01-22","7.0","134.25","5.2","PELELIU ISLAND PALAU ISLANDS, PW PS","    0",",,X","    0",",,X","  311",",,X","  244",",,X",,,,,,
"PSW00040305","1946-01-23","7.0","134.25","5.2","PELELIU ISLAND PALAU ISLANDS, PW PS","    0",",,X","    0",",,X","  306",",,X","  250",",,X",,,,,,
"PSW00040305","1946-01-24","7.0","134.25","5.2","PELELIU ISLAND PALAU ISLANDS, PW PS","    0",",,X","    0",",,X","  311",",,X","  250",",,X",,,,,,
"PSW00040305","1946-01-25","7.0","134.25","5.2","PELELIU ISLAND PALAU ISLANDS, PW PS","    5",",,X","    0",",,X","  328",",,X","  244",",,X",,,,,"    1",",,X"
"PSW00040305","1946-01-26","7.0","134.25","5.2","PELELIU ISLAND PALAU ISLANDS, PW PS","   58",",,X","    0",",,X","  322",",,X","  233",",,X",,,,,"    1",",,X"
"PSW00040305","1946-01-27","7.0","134.25","5.2","PELELIU ISLAND PALAU ISLANDS, PW PS","  170",",,X","    0",",,X","  311",",,X","  244",",,X",,,,,"    1",",,X"
"PSW00040305","1946-01-28","7.0","134.25","5.2","PELELIU ISLAND PALAU ISLANDS, PW PS","    5",",,X","    0",",,X","  311",",,X","  244",",,X",,,,,"    1",",,X"
"PSW00040305","1946-01-29","7.0","134.25","5.2","PELELIU ISLAND PALAU ISLANDS, PW PS","    0","T,,X","    0",",,X","  311",",,X","  250",",,X",,,,,"    1",",,X"
"PSW00040305","1946-01-30","7.0","134.25","5.2","PELELIU ISLAND PALAU ISLANDS, PW PS","   20",",,X","    0",",,X","  311",",,X","  250",",,X",,,,,"    1",",,X"
"PSW00040305","1946-01-31","7.0","134.25","5.2","PELELIU ISLAND PALAU ISLANDS, PW PS","    8",",,X","    0",",,X","  322",",,X","  228",",,X",,,,,"    1",",,X"
"PSW00040305","1946-02-01","7.0","134.25","5.2","PELELIU ISLAND PALAU ISLANDS, PW PS","    0",",,X","    0",",,X","  306",",,X","  267",",,X",,,,,,
"PSW00040305","1946-02-02","7.0","134.25","5.2","PELELIU ISLAND PALAU ISLANDS, PW PS","   58",",,X","    0",",,X","  317",",,X","  256",",,X",,,,,,
"PSW00040305","1946-02-03","7.0","134.25","5.2","PELELIU ISLAND PALAU ISLANDS, PW PS","   15",",,X","    0",",,X","  317",",,X","  244",",,X",,,,,,
"PSW00040305","1946-02-04","7.0","134.25","5.2","PELELIU ISLAND PALAU ISLANDS, PW PS","   38",",,X","    0",",,X","  300",",,X","  244",",,X",,,,,,
"PSW00040305","1946-02-05","7.0","134.25","5.2","PELELIU ISLAND PALAU ISLANDS, PW PS","   48",",,X","    0",",,X","  306",",,X","  261",",,X",,,,,,
"PSW00040305","1946-02-06","7.0","134.25","5.2","PELELIU ISLAND PALAU ISLANDS, PW PS","    0",",,X","    0",",,X","  317",",,X","  239",",,X",,,,,,
"PSW00040305","1946-02-07","7.0","134.25","5.2","PELELIU ISLAND PALAU ISLANDS, PW PS","    0",",,X","    0",",,X","  317",",,X","  244",",,X",,,,,,
"PSW00040305","1946-02-08","7.0","134.25","5.2","PELELIU ISLAND PALAU ISLANDS, PW PS","    0",",,X","    0",",,X","  300",",,X","  250",",,X",,,,,,
"PSW00040305","1946-02-09","7.0","134.25","5.2","PELELIU ISLAND PALAU ISLANDS, PW PS","  119",",,X","    0",",,X","  317",",,X","  244",",,X",,,,,,
"PSW00040305","1946-02-10","7.0","134.25","5.2","PELELIU ISLAND PALAU ISLANDS, PW PS","    0",",,X","    0",",,X","  311",",,X","  233",",,X",,,,,,
"PSW00040305","1946-02-11","7.0","134.25","5.2","PELELIU ISLAND PALAU ISLANDS, PW PS","   18",",,X","    0",",,X","  322",",,X","  256",",,X",,,,,,
"PSW00040305","1946-02-12","7.0","134.25","5.2","PELELIU ISLAND PALAU ISLANDS, PW PS","   56",",,X","    0",",,X","  300",",,X","  244",",,X",,,,,,
"PSW00040305","1946-02-13","7.0","134.25","5.2","PELELIU ISLAND PALAU ISLANDS, PW PS","   15",",,X","    0",",,X","  300",",,X","  244",",,X",,,,,,
"PSW00040305","1946-02-14","7.0","134.25","5.2","PELELIU ISLAND PALAU ISLANDS, PW PS","    0","T,,X","    0",",,X","  311",",,X","  244",",,X",,,,,,
"PSW00040305","1946-02-15","7.0","134.25","5.2","PELELIU ISLAND PALAU ISLANDS, PW PS","    0","T,,X","    0",",,X","  317",",,X","  261",",,X",,,,,,
"PSW00040305","1946-02-16","7.0","134.25","5.2","PELELIU ISLAND PALAU ISLANDS, PW PS","    0",",,X","    0",",,X","  322",",,X","  256",",,X",,,,,,
"PSW00040305","1946-02-17","7.0","134.25","5.2","PELELIU ISLAND PALAU ISLANDS, PW PS","   20",",,X","    0",",,X","  322",",,X","  250",",,X",,,,,,
"PSW00040305","1946-02-18","7.0","134.25","5.2","PELELIU ISLAND PALAU ISLANDS, PW PS","   23",",,X","    0",",,X","  317",",,X","  250",",,X",,,,,,
"PSW00040305","1946-02-19","7.0","134.25","5.2","PELELIU ISLAND PALAU ISLANDS, PW PS","    0","T,,X","    0",",,X","  328",",,X","  250",",,X",,,,,,
"PSW00040305","1946-02-20","7.0","134.25","5.2","PELELIU ISLAND PALAU ISLANDS, PW PS","   28",",,X","    0",",,X","  322",",,X","  250",",,X",,,,,,
"PSW00040305","1946-02-21","7.0","134.25","5.2","PELELIU ISLAND PALAU ISLANDS, PW PS","    0","T,,X","    0",",,X","  333",",,X","  239",",,X",,,,,,
"PSW00040305","1946-02-22","7.0","134.25","5.2","PELELIU ISLAND PALAU ISLANDS, PW PS","    0",",,X","    0",",,X","  328",",,X","  239",",,X",,,,,,
"PSW00040305","1946-02-23","7.0","134.25","5.2","PELELIU ISLAND PALAU ISLANDS, PW PS","   28",",,X","    0",",,X","  328",",,X","  250",",,X",,,,,,
"PSW00040305","1946-02-24","7.0","134.25","5.2","PELELIU ISLAND PALAU ISLANDS, PW PS","    0",",,X","    0",",,X","  322",",,X","  239",",,X",,,,,,
"PSW00040305","1946-02-25","7.0","134.25","5.2","PELELIU ISLAND PALAU ISLANDS, PW PS","    0",",,X","    0",",,X","  322",",,X","  222",",,X",,,,,,
"PSW00040305","1946-02-26","7.0","134.25","5.2","PELELIU ISLAND PALAU ISLANDS, PW PS","   58",",,X","    0",",,X","  311",",,X","  239",",,X",,,,,,
"PSW00040305","1946-02-27","7.0","134.25","5.2","PELELIU ISLAND PALAU ISLANDS, PW PS","   53",",,X","    0",",,X","  317",",,X","  244",",,X",,,,,,
"PSW00040305","1946-02-28","7.0","134.25","5.2","PELELIU ISLAND PALAU ISLANDS, PW PS","  168",",,X","    0",",,X","  317",",,X","  211",",,X",,,,,,
"PSW00040305","1946-03-01","7.0","134.25","5.2","PELELIU ISLAND PALAU ISLANDS, PW PS","  465",",,X","    0",",,X","  272",",,X","  239",",,X",,,,,,
"PSW00040305","1946-03-02","7.0","134.25","5.2","PELELIU ISLAND PALAU ISLANDS, PW PS","  267",",,X","    0",",,X","  311",",,X","  222",",,X",,,,,,
"PSW00040305","1946-03-03","7.0","134.25","5.2","PELELIU ISLAND PALAU ISLANDS, PW PS","  203",",,X","    0",",,X","  289",",,X","  200",",,X",,,,,,
"PSW00040305","1946-03-04","7.0","134.25","5.2","PELELIU ISLAND PALAU ISLANDS, PW PS","   86",",,X","    0",",,X","  283",",,X","  233",",,X",,,,,,
"PSW00040305","1946-03-05","7.0","134.25","5.2","PELELIU ISLAND PALAU ISLANDS, PW PS","   36",",,X","    0",",,X","  333",",,X","  239",",,X",,,,,,
"PSW00040305","1946-03-06","7.0","134.25","5.2","PELELIU ISLAND PALAU ISLANDS, PW PS","    0",",,X","    0",",,X","  328",",,X","  272",",,X",,,,,,
"PSW00040305","1946-03-07","7.0","134.25","5.2","PELELIU ISLAND PALAU ISLANDS, PW PS","    0","T,,X","    0",",,X","  306",",,X","  239",",,X",,,,,,
"PSW00040305","1946-03-08","7.0","134.25","5.2","PELELIU ISLAND PALAU ISLANDS, PW PS","   15",",,X","    0",",,X","  328",",,X","  233",",,X",,,,,,
"PSW00040305","1946-03-09","7.0","134.25","5.2","PELELIU ISLAND PALAU ISLANDS, PW PS","  396",",,X","    0",",,X","  322",",,X","  244",",,X",,,,,,
"PSW00040305","1946-03-10","7.0","134.25","5.2","PELELIU ISLAND PALAU ISLANDS, PW PS","  170",",,X","    0",",,X","  317",",,X","  228",",,X",,,,,,
"PSW00040305","1946-03-11","7.0","134.25","5.2","PELELIU ISLAND PALAU ISLANDS, PW PS","    0",",,X","    0",",,X","  311",",,X","  256",",,X",,,,,,
"PSW00040305","1946-03-12","7.0","134.25","5.2","PELELIU ISLAND PALAU ISLANDS, PW PS","   58",",,X","    0",",,X","  328",",,X","  244",",,X",,,,,,
"PSW00040305","1946-03-13","7.0","134.25","5.2","PELELIU ISLAND PALAU ISLANDS, PW PS","  409",",,X","    0",",,X","  306",",,X","  233",",,X",,,,,,
"PSW00040305","1946-03-14","7.0","134.25","5.2","PELELIU ISLAND PALAU ISLANDS, PW PS","  300",",,X","    0",",,X","  278",",,X","  239",",,X",,,,,,
"PSW00040305","1946-03-15","7.0","134.25","5.2","PELELIU ISLAND PALAU ISLANDS, PW PS","    8",",,X","    0",",,X","  311",",,X","  261",",,X",,,,,,
"PSW00040305","1946-03-16","7.0","134.25","5.2","PELELIU ISLAND PALAU ISLANDS, PW PS","   10",",,X","    0",",,X","  317",",,X","  244",",,X",,,,,,
"PSW00040305","1946-03-17","7.0","134.25","5.2","PELELIU ISLAND PALAU ISLANDS, PW PS","    0",",,X","    0",",,X","  322",",,X","  261",",,X",,,,,,
"PSW00040305","1946-03-18","7.0","134.25","5.2","PELELIU ISLAND PALAU ISLANDS, PW PS","    0",",,X","    0",",,X","  328",",,X","  244",",,X",,,,,,
"PSW00040305","1946-03-19","7.0","134.25","5.2","PELELIU ISLAND PALAU ISLANDS, PW PS","    0",",,X","    0",",,X","  328",",,X","  233",",,X",,,,,,
"PSW00040305","1946-03-20","7.0","134.25","5.2","PELELIU ISLAND PALAU ISLANDS, PW PS","   15",",,X","    0",",,X","  322",",,X","  200",",,X",,,,,,
"PSW00040305","1946-03-21","7.0","134.25","5.2","PELELIU ISLAND PALAU ISLANDS, PW PS","   13",",,X","    0",",,X","  317",",,X","  256",",,X",,,,,,
"PSW00040305","1946-03-22","7.0","134.25","5.2","PELELIU ISLAND PALAU ISLANDS, PW PS","   25",",,X","    0",",,X","  311",",,X","  233",",,X",,,,,,
"PSW00040305","1946-03-23","7.0","134.25","5.2","PELELIU ISLAND PALAU ISLANDS, PW PS","   33",",,X","    0",",,X","  317",",,X","  256",",,X",,,,,,
"PSW00040305","1946-03-24","7.0","134.25","5.2","PELELIU ISLAND PALAU ISLANDS, PW PS","   43",",,X","    0",",,X","  317",",,X","  239",",,X",,,,,,
"PSW00040305","1946-03-25","7.0","134.25","5.2","PELELIU ISLAND PALAU ISLANDS, PW PS","    3",",,X","    0",",,X","  322",",,X","  261",",,X",,,,,,
"PSW00040305","1946-03-26","7.0","134.25","5.2","PELELIU ISLAND PALAU ISLANDS, PW PS","   71",",,X","    0",",,X","  317",",,X","  239",",,X",,,,,,
"PSW00040305","1946-03-27","7.0","134.25","5.2","PELELIU ISLAND PALAU ISLANDS, PW PS","   13",",,X","    0",",,X","  300",",,X","  239",",,X",,,,,,
"PSW00040305","1946-03-28","7.0","134.25","5.2","PELELIU ISLAND PALAU ISLANDS, PW PS","   25",",,X","    0",",,X","  311",",,X","  233",",,X",,,,,,
"PSW00040305","1946-03-29","7.0","134.25","5.2","PELELIU ISLAND PALAU ISLANDS, PW PS","    0",",,X","    0",",,X","  317",",,X","  233",",,X",,,,,,
"PSW00040305","1946-03-30","7.0","134.25","5.2","PELELIU ISLAND PALAU ISLANDS, PW PS","    8",",,X","    0",",,X","  300",",,X","  239",",,X",,,,,,
"PSW00040305","1946-03-31","7.0","134.25","5.2","PELELIU ISLAND PALAU ISLANDS, PW PS","    3",",,X","    0",",,X","  311",",,X","  256",",,X",,,,,,
"PSW00040305","1946-04-01","7.0","134.25","5.2","PELELIU ISLAND PALAU ISLANDS, PW PS","    0",",,X","    0",",,X","  317",",,X","  228",",,X",,,,,,
"PSW00040305","1946-04-02","7.0","134.25","5.2","PELELIU ISLAND PALAU ISLANDS, PW PS","    5",",,X","    0",",,X","  322",",,X","  261",",,X",,,,,,
"PSW00040305","1946-04-03","7.0","134.25","5.2","PELELIU ISLAND PALAU ISLANDS, PW PS","    0",",,X","    0",",,X","  306",",,X","  233",",,X",,,,,,
"PSW00040305","1946-04-04","7.0","134.25","5.2","PELELIU ISLAND PALAU ISLANDS, PW PS","    0",",,X","    0",",,X","  317",",,X","  250",",,X",,,,,,
"PSW00040305","1946-04-05","7.0","134.25","5.2","PELELIU ISLAND PALAU ISLANDS, PW PS","    0",",,X","    0",",,X","  322",",,X","  211",",,X",,,,,,
"PSW00040305","1946-04-06","7.0","134.25","5.2","PELELIU ISLAND PALAU ISLANDS, PW PS","    0",",,X","    0",",,X","  311",",,X","  239",",,X",,,,,,
"PSW00040305","1946-04-07","7.0","134.25","5.2","PELELIU ISLAND PALAU ISLANDS, PW PS","   18",",,X","    0",",,X","  311",",,X","  239",",,X",,,,,,
"PSW00040305","1946-04-08","7.0","134.25","5.2","PELELIU ISLAND PALAU ISLANDS, PW PS","   15",",,X","    0",",,X","  333",",,X","  239",",,X",,,,,,
"PSW00040305","1946-04-09","7.0","134.25","5.2","PELELIU ISLAND PALAU ISLANDS, PW PS","    0",",,X","    0",",,X","  317",",,X","  239",",,X",,,,,,
"PSW00040305","1946-04-10","7.0","134.25","5.2","PELELIU ISLAND PALAU ISLANDS, PW PS","  521",",,X","    0",",,X","  328",",,X","  244",",,X",,,,,,
"PSW00040305","1946-04-11","7.0","134.25","5.2","PELELIU ISLAND PALAU ISLANDS, PW PS","    0",",,X","    0",",,X","  328",",,X","  250",",,X",,,,,,
"PSW00040305","1946-04-12","7.0","134.25","5.2","PELELIU ISLAND PALAU ISLANDS, PW PS","   46",",,X","    0",",,X","  322",",,X","  244",",,X",,,,,,
"PSW00040305","1946-04-13","7.0","134.25","5.2","PELELIU ISLAND PALAU ISLANDS, PW PS","    0","T,,X","    0",",,X","  322",",,X","  250",",,X",,,,,,
"PSW00040305","1946-04-14","7.0","134.25","5.2","PELELIU ISLAND PALAU ISLANDS, PW PS","    0",",,X","    0",",,X","  328",",,X","  239",",,X",,,,,,
"PSW00040305","1946-04-15","7.0","134.25","5.2","PELELIU ISLAND PALAU ISLANDS, PW PS","    3",",,X","    0",",,X","  300",",,X","  256",",,X",,,,,,
"PSW00040305","1946-04-16","7.0","134.25","5.2","PELELIU ISLAND PALAU ISLANDS, PW PS","   58",",,X","    0",",,X","  311",",,X","  244",",,X",,,,,,
"PSW00040305","1946-04-17","7.0","134.25","5.2","PELELIU ISLAND PALAU ISLANDS, PW PS","  198",",,X","    0",",,X","  300",",,X","  239",",,X",,,,,,
"PSW00040305","1946-04-18","7.0","134.25","5.2","PELELIU ISLAND PALAU ISLANDS, PW PS","  145",",,X","    0",",,X","  317",",,X","  244",",,X",,,,,,
"PSW00040305","1946-04-19","7.0","134.25","5.2","PELELIU ISLAND PALAU ISLANDS, PW PS","  130",",,X","    0",",,X","  328",",,X","  239",",,X",,,,,,
"PSW00040305","1946-04-20","7.0","134.25","5.2","PELELIU ISLAND PALAU ISLANDS, PW PS","  267",",,X","    0",",,X","  317",",,X","  239",",,X",,,,,,
"PSW00040305","1946-04-21","7.0","134.25","5.2","PELELIU ISLAND PALAU ISLANDS, PW PS","    0",",,X","    0",",,X","  322",",,X","  261",",,X",,,,,,
"PSW00040305","1946-04-22","7.0","134.25","5.2","PELELIU ISLAND PALAU ISLANDS, PW PS","   25",",,X","    0",",,X","  328",",,X","  250",",,X",,,,,,
"PSW00040305","1946-04-23","7.0","134.25","5.2","PELELIU ISLAND PALAU ISLANDS, PW PS","   74",",,X","    0",",,X","  328",",,X","  244",",,X",,,,,,
"PSW00040305","1946-04-24","7.0","134.25","5.2","PELELIU ISLAND PALAU ISLANDS, PW PS","  719",",,X","    0",",,X","  300",",,X","  239",",,X",,,,,,
"PSW00040305","1946-04-25","7.0","134.25","5.2","PELELIU ISLAND PALAU ISLANDS, PW PS","    0",",,X","    0",",,X","  322",",,X","  256",",,X",,,,,,
"PSW00040305","1946-04-26","7.0","134.25","5.2","PELELIU ISLAND PALAU ISLANDS, PW PS","    0",",,X","    0",",,X","  322",",,X","  250",",,X",,,,,,
"PSW00040305","1946-04-27","7.0","134.25","5.2","PELELIU ISLAND PALAU ISLANDS, PW PS","    0",",,X","    0",",,X","  322",",,X","  239",",,X",,,,,,
"PSW00040305","1946-04-28","7.0","134.25","5.2","PELELIU ISLAND PALAU ISLANDS, PW PS","    0",",,X","    0",",,X","  322",",,X","  233",",,X",,,,,,
"PSW00040305","1946-04-29","7.0","134.25","5.2","PELELIU ISLAND PALAU ISLANDS, PW PS","    0",",,X","    0",",,X","  322",",,X","  261",",,X",,,,,,
"PSW00040305","1946-04-30","7.0","134.25","5.2","PELELIU ISLAND PALAU ISLANDS, PW PS","    0",",,X","    0",",,X","  311",",,X","  244",",,X",,,,,,
"PSW00040305","1946-05-01","7.0","134.25","5.2","PELELIU ISLAND PALAU ISLANDS, PW PS","   36",",,X","    0",",,X","  339",",,X","  244",",,X",,,,,,
"PSW00040305","1946-05-02","7.0","134.25","5.2","PELELIU ISLAND PALAU ISLANDS, PW PS","  206",",,X","    0",",,X","  317",",,X","  250",",,X",,,,,,
"PSW00040305","1946-05-03","7.0","134.25","5.2","PELELIU ISLAND PALAU ISLANDS, PW PS","  226",",,X","    0",",,X","  328",",,X","  239",",,X",,,,,,
"PSW00040305","1946-05-04","7.0","134.25","5.2","PELELIU ISLAND PALAU ISLANDS, PW PS","  145",",,X","    0",",,X","  306",",,X","  239",",,X",,,,,,
"PSW00040305","1946-05-05","7.0","134.25","5.2","PELELIU ISLAND PALAU ISLANDS, PW PS","   74",",,X","    0",",,X","  300",",,X","  244",",,X",,,,,,
"PSW00040305","1946-05-06","7.0","134.25","5.2","PELELIU ISLAND PALAU ISLANDS, PW PS","   25",",,X","    0",",,X","  322",",,X","  244",",,X",,,,,,
"PSW00040305","1946-05-07","7.0","134.25","5.2","PELELIU ISLAND PALAU ISLANDS, PW PS","   10",",,X","    0",",,X","  322",",,X","  250",",,X",,,,,,
"PSW00040305","1946-05-08","7.0","134.25","5.2","PELELIU ISLAND PALAU ISLANDS, PW PS","    5",",,X","    0",",,X","  322",",,X","  239",",,X",,,,,,
"PSW00040305","1946-05-09","7.0","134.25","5.2","PELELIU ISLAND PALAU ISLANDS, PW PS","    0",",,X","    0",",,X","  322",",,X","  256",",,X",,,,,,
"PSW00040305","1946-05-10","7.0","134.25","5.2","PELELIU ISLAND PALAU ISLANDS, PW PS","    0",",,X","    0",",,X","  317",",,X","  244",",,X",,,,,,
"PSW00040305","1946-05-11","7.0","134.25","5.2","PELELIU ISLAND PALAU ISLANDS, PW PS","    0",",,X","    0",",,X","  350",",,X","  239",",,X",,,,,,
"PSW00040305","1946-05-12","7.0","134.25","5.2","PELELIU ISLAND PALAU ISLANDS, PW PS","    0","T,,X","    0",",,X","  317",",,X","  239",",,X",,,,,,
"PSW00040305","1946-05-13","7.0","134.25","5.2","PELELIU ISLAND PALAU ISLANDS, PW PS","    0",",,X","    0",",,X","  322",",,X","  261",",,X",,,,,,
"PSW00040305","1946-05-14","7.0","134.25","5.2","PELELIU ISLAND PALAU ISLANDS, PW PS","   15",",,X","    0",",,X","  311",",,X","  239",",,X",,,,,,
"PSW00040305","1946-05-15","7.0","134.25","5.2","PELELIU ISLAND PALAU ISLANDS, PW PS","    0",",,X","    0",",,X","  328",",,X","  250",",,X",,,,,,
"PSW00040305","1946-05-16","7.0","134.25","5.2","PELELIU ISLAND PALAU ISLANDS, PW PS","    5",",,X","    0",",,X","  322",",,X","  244",",,X",,,,,,
"PSW00040305","1946-05-17","7.0","134.25","5.2","PELELIU ISLAND PALAU ISLANDS, PW PS","  112",",,X","    0",",,X","  328",",,X","  244",",,X",,,,,,
"PSW00040305","1946-05-18","7.0","134.25","5.2","PELELIU ISLAND PALAU ISLANDS, PW PS","  335",",,X","    0",",,X","  267",",,X","  239",",,X",,,,,,
"PSW00040305","1946-05-19","7.0","134.25","5.2","PELELIU ISLAND PALAU ISLANDS, PW PS","   36",",,X","    0",",,X","  306",",,X","  244",",,X",,,,,,
"PSW00040305","1946-05-20","7.0","134.25","5.2","PELELIU ISLAND PALAU ISLANDS, PW PS","    3",",,X","    0",",,X","  306",",,X","  250",",,X",,,,,,
"PSW00040305","1946-05-21","7.0","134.25","5.2","PELELIU ISLAND PALAU ISLANDS, PW PS","   86",",,X","    0",",,X","  333",",,X","  239",",,X",,,,,,
"PSW00040305","1946-05-22","7.0","134.25","5.2","PELELIU ISLAND PALAU ISLANDS, PW PS","  165",",,X","    0",",,X","  322",",,X","  239",",,X",,,,,,
"PSW00040305","1946-05-23","7.0","134.25","5.2","PELELIU ISLAND PALAU ISLANDS, PW PS","  445",",,X","    0",",,X","  322",",,X","  206",",,X",,,,,,
"PSW00040305","1946-05-24","7.0","134.25","5.2","PELELIU ISLAND PALAU ISLANDS, PW PS","   43",",,X","    0",",,X","  322",",,X","  250",",,X",,,,,,
"PSW00040305","1946-05-25","7.0","134.25","5.2","PELELIU ISLAND PALAU ISLANDS, PW PS","   74",",,X","    0",",,X","  300",",,X","  233",",,X",,,,,,
"PSW00040305","1946-05-26","7.0","134.25","5.2","PELELIU ISLAND PALAU ISLANDS, PW PS","   66",",,X","    0",",,X","  350",",,X","  239",",,X",,,,,,
"PSW00040305","1946-05-27","7.0","134.25","5.2","PELELIU ISLAND PALAU ISLANDS, PW PS","   36",",,X","    0",",,X","  317",",,X","  250",",,X",,,,,,
"PSW00040305","1946-05-28","7.0","134.25","5.2","PELELIU ISLAND PALAU ISLANDS, PW PS","    0",",,X","    0",",,X","  328",",,X","  256",",,X",,,,,,
"PSW00040305","1946-05-29","7.0","134.25","5.2","PELELIU ISLAND PALAU ISLANDS, PW PS","    0","T,,X","    0",",,X","  317",",,X","  244",",,X",,,,,,
"PSW00040305","1946-05-30","7.0","134.25","5.2","PELELIU ISLAND PALAU ISLANDS, PW PS","    0","T,,X","    0",",,X","  333",",,X","  239",",,X",,,,,,
"PSW00040305","1946-05-31","7.0","134.25","5.2","PELELIU ISLAND PALAU ISLANDS, PW PS","    8",",,X","    0",",,X","  333",",,X","  239",",,X",,,,,,
"PSW00040305","1947-01-01","7.0","134.25","5.2","PELELIU ISLAND PALAU ISLANDS, PW PS","   18",",,X","    0",",,X","  283",",,X","  244",",,X",,,,,,
"PSW00040305","1947-01-02","7.0","134.25","5.2","PELELIU ISLAND PALAU ISLANDS, PW PS","    5",",,X","    0",",,X","  311",",,X","  244",",,X",,,,,,
"PSW00040305","1947-01-03","7.0","134.25","5.2","PELELIU ISLAND PALAU ISLANDS, PW PS","   13",",,X","    0",",,X","  311",",,X","  239",",,X",,,,,,
"PSW00040305","1947-01-04","7.0","134.25","5.2","PELELIU ISLAND PALAU ISLANDS, PW PS","    0",",,X","    0",",,X","  328",",,X","  239",",,X",,,,,,
"PSW00040305","1947-01-05","7.0","134.25","5.2","PELELIU ISLAND PALAU ISLANDS, PW PS","    0","T,,X","    0",",,X","  350",",,X","  261",",,X",,,,,,
"PSW00040305","1947-01-06","7.0","134.25","5.2","PELELIU ISLAND PALAU ISLANDS, PW PS","    0",",,X","    0",",,X","  322",",,X","  250",",,X",,,,,,
"PSW00040305","1947-01-07","7.0","134.25","5.2","PELELIU ISLAND PALAU ISLANDS, PW PS","   10",",,X","    0",",,X","  328",",,X","  256",",,X",,,,,,
"PSW00040305","1947-01-08","7.0","134.25","5.2","PELELIU ISLAND PALAU ISLANDS, PW PS","  168",",,X","    0",",,X","  306",",,X","  244",",,X",,,,,,
"PSW00040305","1947-01-09","7.0","134.25","5.2","PELELIU ISLAND PALAU ISLANDS, PW PS","    5",",,X","    0",",,X","  311",",,X","  256",",,X",,,,,,
"PSW00040305","1947-01-10","7.0","134.25","5.2","PELELIU ISLAND PALAU ISLANDS, PW PS","    0",",,X","    0",",,X","  322",",,X","  250",",,X",,,,,,
"PSW00040305","1947-01-11","7.0","134.25","5.2","PELELIU ISLAND PALAU ISLANDS, PW PS","  241",",,X","    0",",,X","  328",",,X","  228",",,X",,,,,,
"PSW00040305","1947-01-12","7.0","134.25","5.2","PELELIU ISLAND PALAU ISLANDS, PW PS","   43",",,X","    0",",,X","  311",",,X","  239",",,X",,,,,,
"PSW00040305","1947-01-13","7.0","134.25","5.2","PELELIU ISLAND PALAU ISLANDS, PW PS","    0",",,X","    0",",,X","  317",",,X","  261",",,X",,,,,,
"PSW00040305","1947-01-14","7.0","134.25","5.2","PELELIU ISLAND PALAU ISLANDS, PW PS","    0","T,,X","    0",",,X","  322",",,X","  222",",,X",,,,,,
"PSW00040305","1947-01-15","7.0","134.25","5.2","PELELIU ISLAND PALAU ISLANDS, PW PS","   61",",,X","    0",",,X","  317",",,X","  244",",,X",,,,,,
"PSW00040305","1947-01-16","7.0","134.25","5.2","PELELIU ISLAND PALAU ISLANDS, PW PS","    5",",,X","    0",",,X","  306",",,X","  267",",,X",,,,,,
"PSW00040305","1947-01-17","7.0","134.25","5.2","PELELIU ISLAND PALAU ISLANDS, PW PS","    3",",,X","    0",",,X","  306",",,X","  256",",,X",,,,,,
"PSW00040305","1947-01-18","7.0","134.25","5.2","PELELIU ISLAND PALAU ISLANDS, PW PS","    0",",,X","    0",",,X","  311",",,X","  256",",,X",,,,,,
"PSW00040305","1947-01-19","7.0","134.25","5.2","PELELIU ISLAND PALAU ISLANDS, PW PS","   56",",,X","    0",",,X","  300",",,X","  244",",,X",,,,,,
"PSW00040305","1947-01-20","7.0","134.25","5.2","PELELIU ISLAND PALAU ISLANDS, PW PS","    0","T,,X","    0",",,X","  306",",,X","  244",",,X",,,,,,
"PSW00040305","1947-01-21","7.0","134.25","5.2","PELELIU ISLAND PALAU ISLANDS, PW PS","   20",",,X","    0",",,X","  306",",,X","  244",",,X",,,,,,
"PSW00040305","1947-01-22","7.0","134.25","5.2","PELELIU ISLAND PALAU ISLANDS, PW PS","    0","T,,X","    0",",,X","  306",",,X","  256",",,X",,,,,,
"PSW00040305","1947-01-23","7.0","134.25","5.2","PELELIU ISLAND PALAU ISLANDS, PW PS","    0",",,X","    0",",,X","  311",",,X","  256",",,X",,,,,,
"PSW00040305","1947-01-24","7.0","134.25","5.2","PELELIU ISLAND PALAU ISLANDS, PW PS","   69",",,X","    0",",,X","  333",",,X","  233",",,X",,,,,,
"PSW00040305","1947-01-25","7.0","134.25","5.2","PELELIU ISLAND PALAU ISLANDS, PW PS","  495",",,X","    0",",,X","  311",",,X","  239",",,X",,,,,,
"PSW00040305","1947-01-26","7.0","134.25","5.2","PELELIU ISLAND PALAU ISLANDS, PW PS","  655",",,X","    0",",,X","  267",",,X","  228",",,X",,,,,,
"PSW00040305","1947-01-27","7.0","134.25","5.2","PELELIU ISLAND PALAU ISLANDS, PW PS","    3",",,X","    0",",,X","  317",",,X","  244",",,X",,,,,,
"PSW00040305","1947-01-28","7.0","134.25","5.2","PELELIU ISLAND PALAU ISLANDS, PW PS","    8",",,X","    0",",,X","  317",",,X","  250",",,X",,,,,,
"PSW00040305","1947-01-29","7.0","134.25","5.2","PELELIU ISLAND PALAU ISLANDS, PW PS","    0","T,,X","    0",",,X","  311",",,X","  244",",,X",,,,,,
"PSW00040305","1947-01-30","7.0","134.25","5.2","PELELIU ISLAND PALAU ISLANDS, PW PS","   13",",,X","    0",",,X","  311",",,X","  256",",,X",,,,,,
"PSW00040305","1947-01-31","7.0","134.25","5.2","PELELIU ISLAND PALAU ISLANDS, PW PS","    0",",,X","    0",",,X","  317",",,X","  233",",,X",,,,,,
"PSW00040305","1947-02-01","7.0","134.25","5.2","PELELIU ISLAND PALAU ISLANDS, PW PS","    5",",,X","    0",",,X","  311",",,X","  222",",,X",,,,,,
"PSW00040305","1947-02-02","7.0","134.25","5.2","PELELIU ISLAND PALAU ISLANDS, PW PS","   36",",,X","    0",",,X","  306",",,X","  244",",,X",,,,,,
"PSW00040305","1947-02-03","7.0","134.25","5.2","PELELIU ISLAND PALAU ISLANDS, PW PS","    0",",,X","    0",",,X","  317",",,X","  250",",,X",,,,,,
"PSW00040305","1947-02-04","7.0","134.25","5.2","PELELIU ISLAND PALAU ISLANDS, PW PS","    0",",,X","    0",",,X","  311",",,X","  233",",,X",,,,,,
"PSW00040305","1947-02-05","7.0","134.25","5.2","PELELIU ISLAND PALAU ISLANDS, PW PS","    0",",,X","    0",",,X","  328",",,X","  244",",,X",,,,,,
"PSW00040305","1947-02-06","7.0","134.25","5.2","PELELIU ISLAND PALAU ISLANDS, PW PS","    0",",,X","    0",",,X","  317",",,X","  217",",,X",,,,,,
"PSW00040305","1947-02-07","7.0","134.25","5.2","PELELIU ISLAND PALAU ISLANDS, PW PS","    0",",,X","    0",",,X","  322",",,X","  244",",,X",,,,,,
"PSW00040305","1947-02-08","7.0","134.25","5.2","PELELIU ISLAND PALAU ISLANDS, PW PS","    0",",,X","    0",",,X","  322",",,X","  256",",,X",,,,,,
"PSW00040305","1947-02-09","7.0","134.25","5.2","PELELIU ISLAND PALAU ISLANDS, PW PS","    0",",,X","    0",",,X","  317",",,X","  250",",,X",,,,,,
"PSW00040305","1947-02-10","7.0","134.25","5.2","PELELIU ISLAND PALAU ISLANDS, PW PS","  226",",,X","    0",",,X","  311",",,X","  239",",,X",,,,,,
"PSW00040305","1947-02-11","7.0","134.25","5.2","PELELIU ISLAND PALAU ISLANDS, PW PS","   84",",,X","    0",",,X","  311",",,X","  233",",,X",,,,,,
"PSW00040305","1947-02-12","7.0","134.25","5.2","PELELIU ISLAND PALAU ISLANDS, PW PS","   41",",,X","    0",",,X","  289",",,X","  244",",,X",,,,,,
"PSW00040305","1947-02-13","7.0","134.25","5.2","PELELIU ISLAND PALAU ISLANDS, PW PS","   41",",,X","    0",",,X","  289",",,X","  244",",,X",,,,,,
"PSW00040305","1947-02-14","7.0","134.25","5.2","PELELIU ISLAND PALAU ISLANDS, PW PS","    0","T,,X","    0",",,X","  328",",,X","  256",",,X",,,,,,
"PSW00040305","1947-02-15","7.0","134.25","5.2","PELELIU ISLAND PALAU ISLANDS, PW PS","    8",",,X","    0",",,X","  317",",,X","  256",",,X",,,,,,
"PSW00040305","1947-02-16","7.0","134.25","5.2","PELELIU ISLAND PALAU ISLANDS, PW PS","   13",",,X","    0",",,X","  322",",,X","  244",",,X",,,,,,
"PSW00040305","1947-02-17","7.0","134.25","5.2","PELELIU ISLAND PALAU ISLANDS, PW PS","   13",",,X","    0",",,X","  322",",,X","  250",",,X",,,,,,
"PSW00040305","1947-02-18","7.0","134.25","5.2","PELELIU ISLAND PALAU ISLANDS, PW PS","    0",",,X","    0",",,X","  311",",,X","  256",",,X",,,,,,
"PSW00040305","1947-02-19","7.0","134.25","5.2","PELELIU ISLAND PALAU ISLANDS, PW PS","    0",",,X","    0",",,X","  311",",,X","  256",",,X",,,,,,
"PSW00040305","1947-02-20","7.0","134.25","5.2","PELELIU ISLAND PALAU ISLANDS, PW PS","   43",",,X","    0",",,X","  317",",,X","  233",",,X",,,,,,
"PSW00040305","1947-02-21","7.0","134.25","5.2","PELELIU ISLAND PALAU ISLANDS, PW PS","   30",",,X","    0",",,X","  306",",,X","  233",",,X",,,,,,
"PSW00040305","1947-02-22","7.0","134.25","5.2","PELELIU ISLAND PALAU ISLANDS, PW PS","   36",",,X","    0",",,X","  317",",,X","  256",",,X",,,,,,
"PSW00040305","1947-02-23","7.0","134.25","5.2","PELELIU ISLAND PALAU ISLANDS, PW PS","  851",",,X","    0",",,X","  300",",,X","  228",",,X",,,,,,
"PSW00040305","1947-02-24","7.0","134.25","5.2","PELELIU ISLAND PALAU ISLANDS, PW PS","   66",",,X","    0",",,X","  317",",,X","  244",",,X",,,,,,
"PSW00040305","1947-02-25","7.0","134.25","5.2","PELELIU ISLAND PALAU ISLANDS, PW PS","    0","T,,X","    0",",,X","  322",",,X","  244",",,X",,,,,,
"PSW00040305","1947-02-26","7.0","134.25","5.2","PELELIU ISLAND PALAU ISLANDS, PW PS","    0",",,X","    0",",,X","  311",",,X","  261",",,X",,,,,,
"PSW00040305","1947-02-27","7.0","134.25","5.2","PELELIU ISLAND PALAU ISLANDS, PW PS","    0",",,X","    0",",,X","  311",",,X","  261",",,X",,,,,,
"PSW00040305","1947-02-28","7.0","134.25","5.2","PELELIU ISLAND PALAU ISLANDS, PW PS","    8",",,X","    0",",,X","  317",",,X","  261",",,X",,,,,,
"PSW00040305","1947-03-01","7.0","134.25","5.2","PELELIU ISLAND PALAU ISLANDS, PW PS","  239",",,X","    0",",,X","  311",",,X","  233",",,X",,,,,,
"PSW00040305","1947-03-02","7.0","134.25","5.2","PELELIU ISLAND PALAU ISLANDS, PW PS","    0",",,X","    0",",,X","  311",",,X","  261",",,X",,,,,,
"PSW00040305","1947-03-03","7.0","134.25","5.2","PELELIU ISLAND PALAU ISLANDS, PW PS","    0","T,,X","    0",",,X","  311",",,X","  256",",,X",,,,,,
"PSW00040305","1947-03-04","7.0","134.25","5.2","PELELIU ISLAND PALAU ISLANDS, PW PS","    0",",,X","    0",",,X","  322",",,X","  256",",,X",,,,,,
"PSW00040305","1947-03-05","7.0","134.25","5.2","PELELIU ISLAND PALAU ISLANDS, PW PS","    0",",,X","    0",",,X","  311",",,X","  244",",,X",,,,,,
"PSW00040305","1947-03-06","7.0","134.25","5.2","PELELIU ISLAND PALAU ISLANDS, PW PS","    0",",,X","    0",",,X","  322",",,X","  250",",,X",,,,,,
"PSW00040305","1947-03-07","7.0","134.25","5.2","PELELIU ISLAND PALAU ISLANDS, PW PS","   51",",,X","    0",",,X","  311",",,X","  239",",,X",,,,,,
"PSW00040305","1947-03-08","7.0","134.25","5.2","PELELIU ISLAND PALAU ISLANDS, PW PS","    0","T,,X","    0",",,X","  300",",,X","  244",",,X",,,,,,
"PSW00040305","1947-03-09","7.0","134.25","5.2","PELELIU ISLAND PALAU ISLANDS, PW PS","    0",",,X","    0",",,X","  311",",,X","  256",",,X",,,,,,
"PSW00040305","1947-03-10","7.0","134.25","5.2","PELELIU ISLAND PALAU ISLANDS, PW PS","    0","T,,X","    0",",,X","  311",",,X","  256",",,X",,,,,,
"PSW00040305","1947-03-11","7.0","134.25","5.2","PELELIU ISLAND PALAU ISLANDS, PW PS","    0",",,X","    0",",,X","  306",",,X","  261",",,X",,,,,,
"PSW00040305","1947-03-12","7.0","134.25","5.2","PELELIU ISLAND PALAU ISLANDS, PW PS","    0",",,X","    0",",,X","  311",",,X","  256",",,X",,,,,,
"PSW00040305","1947-03-13","7.0","134.25","5.2","PELELIU ISLAND PALAU ISLANDS, PW PS","    0",",,X","    0",",,X","  322",",,X","  239",",,X",,,,,,
"PSW00040305","1947-03-14","7.0","134.25","5.2","PELELIU ISLAND PALAU ISLANDS, PW PS","   13",",,X","    0",",,X","  311",",,X","  256",",,X",,,,,,
"PSW00040305","1947-03-15","7.0","134.25","5.2","PELELIU ISLAND PALAU ISLANDS, PW PS","    0",",,X","    0",",,X","  322",",,X","  256",",,X",,,,,,
"PSW00040305","1947-03-16","7.0","134.25","5.2","PELELIU ISLAND PALAU ISLANDS, PW PS","   81",",,X","    0",",,X","  311",",,X","  239",",,X",,,,,,
"PSW00040305","1947-03-17","7.0","134.25","5.2","PELELIU ISLAND PALAU ISLANDS, PW PS","   15",",,X","    0",",,X","  300",",,X","  256",",,X",,,,,,
"PSW00040305","1947-03-18","7.0","134.25","5.2","PELELIU ISLAND PALAU ISLANDS, PW PS","  274",",,X","    0",",,X","  322",",,X","  244",",,X",,,,,,
"PSW00040305","1947-03-19","7.0","134.25","5.2","PELELIU ISLAND PALAU ISLANDS, PW PS","   13",",,X","    0",",,X","  322",",,X","  267",",,X",,,,,,
"PSW00040305","1947-03-20","7.0","134.25","5.2","PELELIU ISLAND PALAU ISLANDS, PW PS","  411",",,X","    0",",,X","  283",",,X","  239",",,X",,,,,,
"PSW00040305","1947-03-21","7.0","134.25","5.2","PELELIU ISLAND PALAU ISLANDS, PW PS","    0",",,X","    0",",,X","  306",",,X","  244",",,X",,,,,,
"PSW00040305","1947-03-22","7.0","134.25","5.2","PELELIU ISLAND PALAU ISLANDS, PW PS","    0",",,X","    0",",,X","  322",",,X","  250",",,X",,,,,,
"PSW00040305","1947-03-23","7.0","134.25","5.2","PELELIU ISLAND PALAU ISLANDS, PW PS","    0","T,,X","    0",",,X","  322",",,X","  261",",,X",,,,,,
"PSW00040305","1947-03-24","7.0","134.25","5.2","PELELIU ISLAND PALAU ISLANDS, PW PS","   10",",,X","    0",",,X","  311",",,X","  256",",,X",,,,,,
"PSW00040305","1947-03-25","7.0","134.25","5.2","PELELIU ISLAND PALAU ISLANDS, PW PS","   61",",,X","    0",",,X","  328",",,X","  244",",,X",,,,,,
"PSW00040305","1947-03-26","7.0","134.25","5.2","PELELIU ISLAND PALAU ISLANDS, PW PS","  137",",,X","    0",",,X","  306",",,X","  239",",,X",,,,,,
"PSW00040305","1947-03-27","7.0","134.25","5.2","PELELIU ISLAND PALAU ISLANDS, PW PS","    3",",,X","    0",",,X","  311",",,X","  267",",,X",,,,,,
"PSW00040305","1947-03-28","7.0","134.25","5.2","PELELIU ISLAND PALAU ISLANDS, PW PS","  112",",,X","    0",",,X","  322",",,X","  239",",,X",,,,,,
"PSW00040305","1947-03-29","7.0","134.25","5.2","PELELIU ISLAND PALAU ISLANDS, PW PS","   20",",,X","    0",",,X","  311",",,X","  256",",,X",,,,,,
"PSW00040305","1947-03-30","7.0","134.25","5.2","PELELIU ISLAND PALAU ISLANDS, PW PS","  264",",,X","    0",",,X","  317",",,X","  256",",,X",,,,,,
"PSW00040305","1947-03-31","7.0","134.25","5.2","PELELIU ISLAND PALAU ISLANDS, PW PS","  163",",,X","    0",",,X","  328",",,X","  244",",,X",,,,,,
"PSW00040305","1947-04-01","7.0","134.25","5.2","PELELIU ISLAND PALAU ISLANDS, PW PS","  140",",,X","    0",",,X","  317",",,X","  239",",,X",,,,,,
"PSW00040305","1947-04-02","7.0","134.25","5.2","PELELIU ISLAND PALAU ISLANDS, PW PS","    0",",,X","    0",",,X","  317",",,X","  261",",,X",,,,,,
"PSW00040305","1947-04-03","7.0","134.25","5.2","PELELIU ISLAND PALAU ISLANDS, PW PS","   25",",,X","    0",",,X","  317",",,X","  244",",,X",,,,,,
"PSW00040305","1947-04-04","7.0","134.25","5.2","PELELIU ISLAND PALAU ISLANDS, PW PS","  183",",,X","    0",",,X","  294",",,X","  239",",,X",,,,,,
"PSW00040305","1947-04-05","7.0","134.25","5.2","PELELIU ISLAND PALAU ISLANDS, PW PS","  124",",,X","    0",",,X","  311",",,X","  256",",,X",,,,,,
"PSW00040305","1947-04-06","7.0","134.25","5.2","PELELIU ISLAND PALAU ISLANDS, PW PS","  107",",,X","    0",",,X","  289",",,X","  244",",,X",,,,,,
"PSW00040305","1947-04-07","7.0","134.25","5.2","PELELIU ISLAND PALAU ISLANDS, PW PS","  348",",,X","    0",",,X","  317",",,X","  244",",,X",,,,,,
"PSW00040305","1947-04-08","7.0","134.25","5.2","PELELIU ISLAND PALAU ISLANDS, PW PS","  150",",,X","    0",",,X","  322",",,X","  256",",,X",,,,,,
"PSW00040305","1947-04-09","7.0","134.25","5.2","PELELIU ISLAND PALAU ISLANDS, PW PS"," 1382",",,X","    0",",,X","  289",",,X","  233",",,X",,,,,,
"PSW00040305","1947-04-10","7.0","134.25","5.2","PELELIU ISLAND PALAU ISLANDS, PW PS","    0",",,X","    0",",,X","  311",",,X","  250",",,X",,,,,,
"PSW00040305","1947-04-11","7.0","134.25","5.2","PELELIU ISLAND PALAU ISLANDS, PW PS","    0",",,X","    0",",,X","  322",",,X","  256",",,X",,,,,,
"PSW00040305","1947-04-12","7.0","134.25","5.2","PELELIU ISLAND PALAU ISLANDS, PW PS","  175",",,X","    0",",,X","  300",",,X","  244",",,X",,,,,,
"PSW00040305","1947-04-13","7.0","134.25","5.2","PELELIU ISLAND PALAU ISLANDS, PW PS","  122",",,X","    0",",,X","  311",",,X","  244",",,X",,,,,,
"PSW00040305","1947-04-14","7.0","134.25","5.2","PELELIU ISLAND PALAU ISLANDS, PW PS","  356",",,X","    0",",,X","  300",",,X","  244",",,X",,,,,,
"PSW00040305","1947-04-15","7.0","134.25","5.2","PELELIU ISLAND PALAU ISLANDS, PW PS","  104",",,X","    0",",,X","  322",",,X","  256",",,X",,,,,,
"PSW00040305","1947-04-16","7.0","134.25","5.2","PELELIU ISLAND PALAU ISLANDS, PW PS","  376",",,X","    0",",,X","  283",",,X","  244",",,X",,,,,,
"PSW00040305","1947-04-17","7.0","134.25","5.2","PELELIU ISLAND PALAU ISLANDS, PW PS","   38",",,X","    0",",,X","  311",",,X","  244",",,X",,,,,,
"PSW00040305","1947-04-18","7.0","134.25","5.2","PELELIU ISLAND PALAU ISLANDS, PW PS","  180",",,X","    0",",,X","  311",",,X","  239",",,X",,,,,,
"PSW00040305","1947-04-19","7.0","134.25","5.2","PELELIU ISLAND PALAU ISLANDS, PW PS","  368",",,X","    0",",,X","  317",",,X","  244",",,X",,,,,,
"PSW00040305","1947-04-20","7.0","134.25","5.2","PELELIU ISLAND PALAU ISLANDS, PW PS","   41",",,X","    0",",,X","  311",",,X","  239",",,X",,,,,,
"PSW00040305","1947-04-21","7.0","134.25","5.2","PELELIU ISLAND PALAU ISLANDS, PW PS","   51",",,X","    0",",,X","  317",",,X","  244",",,X",,,,,,
"PSW00040305","1947-04-22","7.0","134.25","5.2","PELELIU ISLAND PALAU ISLANDS, PW PS","   91",",,X","    0",",,X","  311",",,X","  256",",,X",,,,,,
"PSW00040305","1947-04-23","7.0","134.25","5.2","PELELIU ISLAND PALAU ISLANDS, PW PS","   53",",,X","    0",",,X","  311",",,X","  244",",,X",,,,,,
"PSW00040305","1947-04-24","7.0","134.25","5.2","PELELIU ISLAND PALAU ISLANDS, PW PS","    0",",,X","    0",",,X","  333",",,X","  250",",,X",,,,,,
"PSW00040305","1947-04-25","7.0","134.25","5.2","PELELIU ISLAND PALAU ISLANDS, PW PS","    0",",,X","    0",",,X","  333",",,X","  244",",,X",,,,,,
"PSW00040305","1947-04-26","7.0","134.25","5.2","PELELIU ISLAND PALAU ISLANDS, PW PS","    0","T,,X","    0",",,X","  322",",,X","  256",",,X",,,,,,
"PSW00040305","1947-04-27","7.0","134.25","5.2","PELELIU ISLAND PALAU ISLANDS, PW PS","    3",",,X","    0",",,X","  317",",,X","  256",",,X",,,,,,
"PSW00040305","1947-04-28","7.0","134.25","5.2","PELELIU ISLAND PALAU ISLANDS, PW PS","  122",",,X","    0",",,X","  328",",,X","  250",",,X",,,,,,
"PSW00040305","1947-04-30","7.0","134.25","5.2","PELELIU ISLAND PALAU ISLANDS, PW PS","   53",",,X","    0",",,X","  306",",,X","  250",",,X",,,,,,
"PSW00040305","1947-05-01","7.0","134.25","5.2","PELELIU ISLAND PALAU ISLANDS, PW PS","  676",",,X",,,"  267",",,X","  239",",,X",,,,,,
"PSW00040305","1947-05-02","7.0","134.25","5.2","PELELIU ISLAND PALAU ISLANDS, PW PS","  203",",,X",,,"  289",",,X","  244",",,X",,,,,,
"PSW00040305","1947-05-03","7.0","134.25","5.2","PELELIU ISLAND PALAU ISLANDS, PW PS","  150",",,X",,,"  272",",,X","  250",",,X",,,,,,
"PSW00040305","1947-05-04","7.0","134.25","5.2","PELELIU ISLAND PALAU ISLANDS, PW PS","   53",",,X",,,"  311",",,X","  250",",,X",,,,,,
"PSW00040305","1947-05-05","7.0","134.25","5.2","PELELIU ISLAND PALAU ISLANDS, PW PS","    0",",,X",,,"  311",",,X","  244",",,X",,,,,,
"PSW00040305","1947-05-06","7.0","134.25","5.2","PELELIU ISLAND PALAU ISLANDS, PW PS","   28",",,X",,,"  322",",,X","  256",",,X",,,,,,
"PSW00040305","1947-05-07","7.0","134.25","5.2","PELELIU ISLAND PALAU ISLANDS, PW PS","   51",",,X",,,"  306",",,X","  244",",,X",,,,,,
"PSW00040305","1947-05-08","7.0","134.25","5.2","PELELIU ISLAND PALAU ISLANDS, PW PS","    5",",,X",,,"  306",",,X","  239",",,X",,,,,,
"PSW00040305","1947-05-09","7.0","134.25","5.2","PELELIU ISLAND PALAU ISLANDS, PW PS","   28",",,X",,,"  322",",,X","  244",",,X",,,,,,
"PSW00040305","1947-05-10","7.0","134.25","5.2","PELELIU ISLAND PALAU ISLANDS, PW PS","  432",",,X",,,"  322",",,X","  233",",,X",,,,,,
"PSW00040305","1947-05-11","7.0","134.25","5.2","PELELIU ISLAND PALAU ISLANDS, PW PS","    0","T,,X",,,"  317",",,X","  244",",,X",,,,,,
"PSW00040305","1947-05-12","7.0","134.25","5.2","PELELIU ISLAND PALAU ISLANDS, PW PS","   15",",,X",,,"  311",",,X","  250",",,X",,,,,,
"PSW00040305","1947-05-13","7.0","134.25","5.2","PELELIU ISLAND PALAU ISLANDS, PW PS","   15",",,X",,,"  311",",,X","  256",",,X",,,,,,
"PSW00040305","1947-05-14","7.0","134.25","5.2","PELELIU ISLAND PALAU ISLANDS, PW PS","  429",",,X",,,"  278",",,X","  239",",,X",,,,,,
"PSW00040305","1947-05-15","7.0","134.25","5.2","PELELIU ISLAND PALAU ISLANDS, PW PS","  699",",,X",,,"  289",",,X","  233",",,X",,,,,,
"PSW00040305","1947-05-16","7.0","134.25","5.2","PELELIU ISLAND PALAU ISLANDS, PW PS","    0",",,X",,,"  322",",,X","  233",",,X",,,,,,
"PSW00040305","1947-05-17","7.0","134.25","5.2","PELELIU ISLAND PALAU ISLANDS, PW PS","    3",",,X",,,"  328",",,X","  244",",,X",,,,,,
"PSW00040305","1947-05-18","7.0","134.25","5.2","PELELIU ISLAND PALAU ISLANDS, PW PS","    0","T,,X",,,"  333",",,X","  256",",,X",,,,,,
"PSW00040305","1947-05-19","7.0","134.25","5.2","PELELIU ISLAND PALAU ISLANDS, PW PS","   25",",,X",,,"  322",",,X","  244",",,X",,,,,,
"PSW00040305","1947-05-20","7.0","134.25","5.2","PELELIU ISLAND PALAU ISLANDS, PW PS","    0",",,X",,,"  333",",,X","  256",",,X",,,,,,
"PSW00040305","1947-05-21","7.0","134.25","5.2","PELELIU ISLAND PALAU ISLANDS, PW PS","   15",",,X",,,"  333",",,X","  261",",,X",,,,,,
"PSW00040305","1947-05-22","7.0","134.25","5.2","PELELIU ISLAND PALAU ISLANDS, PW PS","    0",",,X",,,"  328",",,X","  256",",,X",,,,,,
"PSW00040305","1947-05-23","7.0","134.25","5.2","PELELIU ISLAND PALAU ISLANDS, PW PS","    0",",,X",,,"  339",",,X","  244",",,X",,,,,,
"PSW00040305","1947-05-24","7.0","134.25","5.2","PELELIU ISLAND PALAU ISLANDS, PW PS","  102",",,X",,,"  333",",,X","  256",",,X",,,,,,
"PSW00040305","1947-05-25","7.0","134.25","5.2","PELELIU ISLAND PALAU ISLANDS, PW PS","  653",",,X",,,"  311",",,X","  239",",,X",,,,,,
"PSW00040305","1947-05-26","7.0","134.25","5.2","PELELIU ISLAND PALAU ISLANDS, PW PS","    3",",,X",,,"  322",",,X","  250",",,X",,,,,,
"PSW00040305","1947-05-27","7.0","134.25","5.2","PELELIU ISLAND PALAU ISLANDS, PW PS","   51",",,X",,,"  328",",,X","  244",",,X",,,,,,
"PSW00040305","1947-05-28","7.0","134.25","5.2","PELELIU ISLAND PALAU ISLANDS, PW PS","  104",",,X",,,"  333",",,X","  250",",,X",,,,,,
"PSW00040305","1947-05-29","7.0","134.25","5.2","PELELIU ISLAND PALAU ISLANDS, PW PS","  757",",,X",,,"  322",",,X","  228",",,X",,,,,,
"PSW00040305","1947-05-30","7.0","134.25","5.2","PELELIU ISLAND PALAU ISLANDS, PW PS","   28",",,X",,,"  322",",,X","  261",",,X",,,,,,
"PSW00040305","1947-05-31","7.0","134.25","5.2","PELELIU ISLAND PALAU ISLANDS, PW PS","  160",",,X",,,"  311",",,X","  244",",,X",,,,,,
